-- --------------------------------------------------------
-- Host:                         127.0.0.1
-- Server version:               10.4.21-MariaDB - mariadb.org binary distribution
-- Server OS:                    Win64
-- HeidiSQL Version:             12.0.0.6468
-- --------------------------------------------------------

/*!40101 SET @OLD_CHARACTER_SET_CLIENT=@@CHARACTER_SET_CLIENT */;
/*!40101 SET NAMES utf8 */;
/*!50503 SET NAMES utf8mb4 */;
/*!40103 SET @OLD_TIME_ZONE=@@TIME_ZONE */;
/*!40103 SET TIME_ZONE='+00:00' */;
/*!40014 SET @OLD_FOREIGN_KEY_CHECKS=@@FOREIGN_KEY_CHECKS, FOREIGN_KEY_CHECKS=0 */;
/*!40101 SET @OLD_SQL_MODE=@@SQL_MODE, SQL_MODE='NO_AUTO_VALUE_ON_ZERO' */;
/*!40111 SET @OLD_SQL_NOTES=@@SQL_NOTES, SQL_NOTES=0 */;


-- Dumping database structure for cotizador
CREATE DATABASE IF NOT EXISTS `cotizador` /*!40100 DEFAULT CHARACTER SET utf8mb4 */;
USE `cotizador`;

-- Dumping structure for table cotizador.accesos
CREATE TABLE IF NOT EXISTS `accesos` (
  `id` int(11) NOT NULL AUTO_INCREMENT,
  `acceso` varchar(100) NOT NULL,
  PRIMARY KEY (`id`)
) ENGINE=InnoDB AUTO_INCREMENT=9 DEFAULT CHARSET=utf8mb4;

-- Dumping data for table cotizador.accesos: ~8 rows (approximately)
INSERT INTO `accesos` (`id`, `acceso`) VALUES
	(1, 'dashboard'),
	(2, 'proveedores'),
	(3, 'configuracion'),
	(4, 'usuarios'),
	(5, 'cuentas_bancarias'),
	(6, 'clientes_externos'),
	(7, 'ingresos'),
	(8, 'gastos');

-- Dumping structure for table cotizador.acciones
CREATE TABLE IF NOT EXISTS `acciones` (
  `id` int(11) NOT NULL AUTO_INCREMENT,
  `id_usuario` int(11) NOT NULL,
  `accion` varchar(255) NOT NULL,
  `fecha_accion` datetime NOT NULL,
  PRIMARY KEY (`id`)
) ENGINE=InnoDB AUTO_INCREMENT=449 DEFAULT CHARSET=utf8mb4;

-- Dumping data for table cotizador.acciones: ~448 rows (approximately)
INSERT INTO `acciones` (`id`, `id_usuario`, `accion`, `fecha_accion`) VALUES
	(1, 23, 'Gustavo Vladimir asigno al usuario 26 al departamento6', '2022-07-13 17:25:48'),
	(2, 23, 'Gustavo Vladimir asigno al usuario 23 al departamento 1', '2022-07-14 16:18:22'),
	(3, 23, 'Gustavo Vladimir asigno al usuario 23 al departamento 2', '2022-07-14 16:19:56'),
	(4, 23, 'Gustavo Vladimir asigno al usuario 25 al departamento 1', '2022-07-14 16:37:30'),
	(5, 23, 'Gustavo Vladimir asigno al usuario 25 al departamento 3', '2022-07-14 16:42:26'),
	(6, 23, 'Gustavo Vladimir asigno al usuario 25 al departamento 1', '2022-07-14 16:42:39'),
	(7, 23, 'Gustavo Vladimir asigno al usuario 25 al departamento 3', '2022-07-14 16:42:44'),
	(8, 23, 'Gustavo Vladimir asigno al usuario Gustavo Vladimir al departamento Compras', '2022-07-14 16:50:26'),
	(9, 23, 'Gustavo Vladimir asigno al usuario Gustavo Vladimir al departamento Compras', '2022-07-15 11:04:58'),
	(10, 23, 'Gustavo Vladimir asigno al usuario Gustavo Vladimir al departamento Compras', '2022-07-15 11:05:00'),
	(11, 23, 'Gustavo Vladimir asigno al usuario Gustavo Vladimir al departamento Almacén', '2022-07-15 12:16:35'),
	(12, 23, 'Gustavo Vladimir asigno al usuario Gustavo Vladimir al departamento Almacén', '2022-07-15 12:16:37'),
	(13, 23, 'Gustavo Vladimir asigno al usuario Gustavo Vladimir al departamento Productos', '2022-07-15 12:51:35'),
	(14, 23, 'Gustavo Vladimir asigno al usuario Gustavo Vladimir al departamento Almacén', '2022-07-15 12:51:36'),
	(15, 23, 'Gustavo Vladimir asigno al usuario Gustavo Vladimir al departamento Finanzas', '2022-07-15 12:51:38'),
	(16, 23, 'Gustavo Vladimir Agrego cantidades al pedidoJITOMATE SALADET &nbsp;', '2022-08-01 12:22:57'),
	(17, 23, 'Gustavo Vladimir Agrego cantidades al pedidoHEINEKEN BOTELLA 355ML', '2022-08-01 12:23:12'),
	(18, 23, 'Gustavo Vladimir Agrego cantidades al pedidoJITOMATE SALADET &nbsp;', '2022-08-01 12:28:17'),
	(19, 23, 'Gustavo Vladimir Agrego cantidades al pedido', '2022-08-01 15:41:58'),
	(20, 23, 'Gustavo Vladimir Agrego cantidades al pedidoHEINEKEN BOTELLA 355ML', '2022-08-01 16:10:53'),
	(21, 23, 'Gustavo Vladimir Agrego cantidades al pedidoSANDÍA BLANCA RAYADA', '2022-08-01 16:21:16'),
	(22, 23, 'Gustavo Vladimir Agrego cantidades al pedidoJITOMATE SALADET &nbsp;', '2022-08-01 16:24:18'),
	(23, 23, 'Gustavo Vladimir Agrego cantidades al pedido14', '2022-08-02 12:57:52'),
	(24, 23, 'Gustavo Vladimir Agrego cantidades al pedido14', '2022-08-02 13:00:15'),
	(25, 23, 'Gustavo Vladimir Agrego cantidades al pedido14', '2022-08-02 13:01:53'),
	(26, 23, 'Gustavo Vladimir Agrego cantidades al pedido14', '2022-08-02 13:52:51'),
	(27, 23, 'Gustavo Vladimir Agrego cantidades al pedido14', '2022-08-02 13:53:30'),
	(28, 23, 'Gustavo Vladimir Agrego cantidades al pedido14', '2022-08-02 14:04:55'),
	(29, 23, 'Gustavo Vladimir Agrego cantidades al pedido14', '2022-08-02 14:13:52'),
	(30, 23, 'Gustavo Vladimir Agrego cantidades al pedido14', '2022-08-02 14:14:30'),
	(31, 23, 'Gustavo Vladimir Agrego cantidades al pedido14', '2022-08-02 14:17:11'),
	(32, 23, 'Gustavo Vladimir Agrego cantidades al pedido14', '2022-08-02 16:00:45'),
	(33, 23, 'Gustavo Vladimir Agrego cantidades al pedido14', '2022-08-02 16:01:32'),
	(34, 23, 'Gustavo Vladimir Agrego cantidades al pedido14', '2022-08-02 16:05:26'),
	(35, 23, 'Gustavo Vladimir Agrego cantidades al pedido14', '2022-08-02 16:05:48'),
	(36, 23, 'Gustavo Vladimir Agrego cantidades al pedido14', '2022-08-02 16:17:07'),
	(37, 23, 'Gustavo Vladimir Agrego cantidades al pedido14', '2022-08-02 16:18:54'),
	(38, 23, 'Gustavo Vladimir Agrego cantidades al pedido14', '2022-08-02 16:20:06'),
	(39, 23, 'Gustavo Vladimir Agrego cantidades al pedido14', '2022-08-02 16:22:03'),
	(40, 23, 'Gustavo Vladimir Agrego cantidades al pedido14', '2022-08-02 16:26:14'),
	(41, 23, 'Gustavo Vladimir Agrego cantidades al pedido', '2022-08-02 16:27:20'),
	(42, 23, 'Gustavo Vladimir Agrego cantidades al pedido14', '2022-08-02 16:38:59'),
	(43, 23, 'Gustavo Vladimir Agrego cantidades al pedido14', '2022-08-02 16:47:13'),
	(44, 23, 'Gustavo Vladimir Agrego cantidades al pedido14', '2022-08-02 16:48:22'),
	(45, 23, 'Gustavo Vladimir Agrego cantidades al pedido14', '2022-08-02 16:51:40'),
	(46, 23, 'Gustavo Vladimir Agrego cantidades al pedido14', '2022-08-05 14:26:58'),
	(47, 23, 'Gustavo Vladimir Agrego cantidades al pedido14', '2022-08-05 14:27:14'),
	(48, 23, 'Gustavo Vladimir Agrego cantidades al pedido1028', '2022-08-05 15:19:19'),
	(49, 23, 'Gustavo Vladimir Agrego cantidades al pedido1028', '2022-08-05 15:21:06'),
	(50, 23, 'Gustavo Vladimir Agrego cantidades al pedido1028', '2022-08-05 15:28:54'),
	(51, 23, 'Gustavo Vladimir Agrego cantidades al pedido14', '2022-08-05 15:30:05'),
	(52, 23, 'Gustavo Vladimir Agrego cantidades al pedido1028', '2022-08-05 15:32:13'),
	(53, 23, 'Gustavo Vladimir Agrego cantidades al pedido14', '2022-08-05 15:33:15'),
	(54, 23, 'Gustavo Vladimir Agrego cantidades al pedido14', '2022-08-05 15:34:03'),
	(55, 23, 'Gustavo Vladimir Agrego cantidades al pedido14', '2022-08-05 15:34:26'),
	(56, 23, 'Gustavo Vladimir Agrego cantidades al pedido14', '2022-08-05 15:35:33'),
	(57, 23, 'Gustavo Vladimir Agrego cantidades al pedido14', '2022-08-05 15:38:15'),
	(58, 23, 'Gustavo Vladimir Agrego cantidades al pedido14', '2022-08-05 16:09:25'),
	(59, 23, 'Gustavo Vladimir Agrego cantidades al pedido1028', '2022-08-05 16:13:58'),
	(60, 23, 'Gustavo Vladimir Agrego cantidades al pedido14', '2022-08-05 16:14:56'),
	(61, 23, 'Gustavo Vladimir Agrego cantidades al pedido1028', '2022-08-05 16:16:20'),
	(62, 23, 'Gustavo Vladimir Agrego cantidades al pedido14', '2022-08-08 10:30:39'),
	(63, 23, 'Gustavo Vladimir Agrego cantidades al pedido1028', '2022-08-08 10:31:37'),
	(64, 23, 'Gustavo Vladimir Agrego cantidades al pedido14', '2022-08-08 10:32:36'),
	(65, 23, 'Gustavo Vladimir Agrego cantidades al pedido1028', '2022-08-08 10:34:07'),
	(66, 23, 'Gustavo Vladimir Agrego cantidades al pedido14', '2022-08-08 10:35:21'),
	(67, 23, 'Gustavo Vladimir Agrego cantidades al pedido1028', '2022-08-08 10:41:44'),
	(68, 23, 'Gustavo Vladimir Agrego cantidades al pedido14', '2022-08-08 10:54:24'),
	(69, 23, 'Gustavo Vladimir Agrego cantidades al pedido1028', '2022-08-08 11:06:08'),
	(70, 23, 'Gustavo Vladimir Agrego cantidades al pedido1028', '2022-08-08 11:07:31'),
	(71, 23, 'Gustavo Vladimir Agrego cantidades al pedido1028', '2022-08-08 11:08:35'),
	(72, 23, 'Gustavo Vladimir Agrego cantidades al pedido1028', '2022-08-08 11:09:10'),
	(73, 23, 'Gustavo Vladimir Agrego cantidades al pedido1028', '2022-08-08 11:35:06'),
	(74, 23, 'Gustavo Vladimir Agrego cantidades al pedido1028', '2022-08-08 11:35:11'),
	(75, 23, 'Gustavo Vladimir Agrego cantidades al pedido1028', '2022-08-08 11:59:45'),
	(76, 23, 'Gustavo Vladimir Agrego cantidades al pedido1028', '2022-08-08 12:13:02'),
	(77, 23, 'Gustavo Vladimir Agrego cantidades al pedido1028', '2022-08-08 12:22:56'),
	(78, 23, 'Gustavo Vladimir Agrego cantidades al pedido1028', '2022-08-08 12:27:32'),
	(79, 23, 'Gustavo Vladimir Agrego cantidades al pedido14', '2022-08-08 12:40:07'),
	(80, 23, 'Gustavo Vladimir Agrego cantidades al pedido14', '2022-08-08 15:47:39'),
	(81, 23, 'Gustavo Vladimir Agrego cantidades al pedido22', '2022-08-08 15:47:47'),
	(82, 23, 'Gustavo Vladimir Agrego cantidades al pedidoMANZANA ROYAL GALA', '2022-08-08 16:22:12'),
	(83, 23, 'Gustavo Vladimir Agrego cantidades al pedido820', '2022-08-08 16:22:14'),
	(84, 23, 'Gustavo Vladimir Agrego cantidades al pedido820', '2022-08-08 16:22:33'),
	(85, 23, 'Gustavo Vladimir Agrego cantidades al pedido820', '2022-08-08 16:22:34'),
	(86, 23, 'Gustavo Vladimir Agrego cantidades al pedido820', '2022-08-08 16:22:34'),
	(87, 23, 'Gustavo Vladimir Agrego cantidades al pedido820', '2022-08-08 16:22:35'),
	(88, 23, 'Gustavo Vladimir Agrego cantidades al pedido820', '2022-08-08 16:22:35'),
	(89, 23, 'Gustavo Vladimir Agrego cantidades al pedido820', '2022-08-08 16:22:37'),
	(90, 23, 'Gustavo Vladimir Agrego cantidades al pedido820', '2022-08-08 16:22:37'),
	(91, 23, 'Gustavo Vladimir Agrego cantidades al pedido820', '2022-08-08 16:22:37'),
	(92, 23, 'Gustavo Vladimir Agrego cantidades al pedido820', '2022-08-08 16:22:37'),
	(93, 23, 'Gustavo Vladimir Agrego cantidades al pedido14', '2022-08-08 16:23:00'),
	(94, 23, 'Gustavo Vladimir Agrego cantidades al pedidoHAMBURGUESAS PREMIUM 125GR 4PZ', '2022-08-08 16:23:11'),
	(95, 23, 'Gustavo Vladimir Agrego cantidades al pedido1007', '2022-08-08 16:26:14'),
	(96, 23, 'Gustavo Vladimir Agrego cantidades al pedido1007', '2022-08-08 16:29:40'),
	(97, 23, 'Gustavo Vladimir Agrego cantidades al pedido14', '2022-08-08 16:31:07'),
	(98, 23, 'Gustavo Vladimir Agrego cantidades al pedido14', '2022-08-08 16:31:11'),
	(99, 23, 'Gustavo Vladimir Agrego cantidades al pedido14', '2022-08-08 16:32:04'),
	(100, 23, 'Gustavo Vladimir Agrego cantidades al pedido1028', '2022-08-08 16:42:28'),
	(101, 23, 'Gustavo Vladimir Agrego cantidades al pedido1028', '2022-08-08 16:43:00'),
	(102, 23, 'Gustavo Vladimir Agrego cantidades al pedido1028', '2022-08-09 10:21:11'),
	(103, 23, 'Gustavo Vladimir Agrego cantidades al pedido14', '2022-08-09 10:37:58'),
	(104, 23, 'Gustavo Vladimir Agrego cantidades al pedido14', '2022-08-09 10:38:10'),
	(105, 23, 'Gustavo Vladimir Agrego cantidades al pedido14', '2022-08-09 10:48:21'),
	(106, 23, 'Gustavo Vladimir Agrego cantidades al pedido1028', '2022-08-09 10:49:00'),
	(107, 23, 'Gustavo Vladimir Agrego cantidades al pedido14', '2022-08-09 10:49:52'),
	(108, 23, 'Gustavo Vladimir Agrego cantidades al pedido14', '2022-08-09 10:50:24'),
	(109, 23, 'Gustavo Vladimir Agrego cantidades al pedido14', '2022-08-09 10:51:46'),
	(110, 23, 'Gustavo Vladimir Agrego cantidades al pedido14', '2022-08-09 10:53:38'),
	(111, 23, 'Gustavo Vladimir Agrego cantidades al pedido14', '2022-08-09 10:54:36'),
	(112, 23, 'Gustavo Vladimir Agrego cantidades al pedido14', '2022-08-09 10:55:14'),
	(113, 23, 'Gustavo Vladimir Agrego cantidades al pedido14', '2022-08-09 11:00:18'),
	(114, 23, 'Gustavo Vladimir Agrego cantidades al pedido14', '2022-08-09 11:44:54'),
	(115, 23, 'Gustavo Vladimir Agrego cantidades al pedido14', '2022-08-09 11:45:26'),
	(116, 23, 'Gustavo Vladimir Agrego cantidades al pedido14', '2022-08-09 11:49:26'),
	(117, 23, 'Gustavo Vladimir Agrego cantidades al pedido1028', '2022-08-09 11:58:36'),
	(118, 23, 'Gustavo Vladimir Agrego cantidades al pedido14', '2022-08-09 12:04:17'),
	(119, 23, 'Gustavo Vladimir Agrego cantidades al pedido14', '2022-08-09 12:04:36'),
	(120, 23, 'Gustavo Vladimir Agrego cantidades al pedido14', '2022-08-09 12:04:56'),
	(121, 23, 'Gustavo Vladimir Agrego cantidades al pedido14', '2022-08-09 12:05:16'),
	(122, 23, 'Gustavo Vladimir Agrego cantidades al pedido14', '2022-08-09 12:20:33'),
	(123, 23, 'Gustavo Vladimir Agrego cantidades al pedido14', '2022-08-09 12:31:03'),
	(124, 23, 'Gustavo Vladimir Agrego cantidades al pedido14', '2022-08-09 12:33:05'),
	(125, 23, 'Gustavo Vladimir Agrego cantidades al pedido14', '2022-08-09 13:17:13'),
	(126, 23, 'Gustavo Vladimir Agrego cantidades al pedido14', '2022-08-09 13:18:32'),
	(127, 23, 'Gustavo Vladimir Agrego cantidades al pedido14', '2022-08-09 13:20:01'),
	(128, 23, 'Gustavo Vladimir Agrego cantidades al pedido14', '2022-08-09 13:37:40'),
	(129, 23, 'Gustavo Vladimir Agrego cantidades al pedido1028', '2022-08-09 13:41:30'),
	(130, 23, 'Gustavo Vladimir Agrego cantidades al pedido14', '2022-08-09 13:42:35'),
	(131, 23, 'Gustavo Vladimir Agrego cantidades al pedido14', '2022-08-09 13:59:35'),
	(132, 23, 'Gustavo Vladimir Agrego cantidades al pedido14', '2022-08-09 15:19:24'),
	(133, 23, 'Gustavo Vladimir Agrego cantidades al pedido14', '2022-08-09 15:19:25'),
	(134, 23, 'Gustavo Vladimir Agrego cantidades al pedido14', '2022-08-09 15:23:42'),
	(135, 23, 'Gustavo Vladimir Agrego cantidades al pedido14', '2022-08-09 15:25:42'),
	(136, 23, 'Gustavo Vladimir Agrego cantidades al pedido14', '2022-08-09 15:27:11'),
	(137, 23, 'Gustavo Vladimir Agrego cantidades al pedido14', '2022-08-09 15:28:09'),
	(138, 23, 'Gustavo Vladimir Agrego cantidades al pedido14', '2022-08-09 15:29:23'),
	(139, 23, 'Gustavo Vladimir Agrego cantidades al pedido14', '2022-08-09 15:32:11'),
	(140, 23, 'Gustavo Vladimir Agrego cantidades al pedido14', '2022-08-09 15:51:50'),
	(141, 23, 'Gustavo Vladimir Agrego cantidades al pedido1028', '2022-08-09 15:52:32'),
	(142, 23, 'Gustavo Vladimir Agrego cantidades al pedido14', '2022-08-09 15:54:01'),
	(143, 23, 'Gustavo Vladimir Agrego cantidades al pedido14', '2022-08-09 16:20:46'),
	(144, 23, 'Gustavo Vladimir Agrego cantidades al pedido14', '2022-08-09 16:29:33'),
	(145, 23, 'Gustavo Vladimir Agrego cantidades al pedido1028', '2022-08-09 16:30:01'),
	(146, 23, 'Gustavo Vladimir Agrego cantidades al pedido14', '2022-08-09 16:45:31'),
	(147, 23, 'Gustavo Vladimir Agrego cantidades al pedido14', '2022-08-09 16:49:46'),
	(148, 23, 'Gustavo Vladimir Agrego cantidades al pedido1028', '2022-08-10 10:40:53'),
	(149, 23, 'Gustavo Vladimir Agrego cantidades al pedido14', '2022-08-10 10:41:39'),
	(150, 23, 'Gustavo Vladimir Agrego cantidades al pedido14', '2022-08-10 10:42:03'),
	(151, 23, 'Gustavo Vladimir Agrego cantidades al pedido14', '2022-08-10 11:06:21'),
	(152, 23, 'Gustavo Vladimir Agrego cantidades al pedido1028', '2022-08-10 12:23:42'),
	(153, 23, 'Gustavo Vladimir Agrego cantidades al pedido1028', '2022-08-10 12:24:23'),
	(154, 23, 'Gustavo Vladimir Agrego cantidades al pedido14', '2022-08-10 12:47:48'),
	(155, 23, 'Gustavo Vladimir Agrego cantidades al pedido1028', '2022-08-10 12:55:07'),
	(156, 23, 'Gustavo Vladimir Agrego cantidades al pedido1028', '2022-08-10 13:35:05'),
	(157, 23, 'Gustavo Vladimir Agrego cantidades al pedido1028', '2022-08-10 15:03:19'),
	(158, 23, 'Gustavo Vladimir Agrego cantidades al pedido1028', '2022-08-10 15:04:16'),
	(159, 23, 'Gustavo Vladimir Agrego cantidades al pedido14', '2022-08-10 15:27:43'),
	(160, 23, 'Gustavo Vladimir Agrego cantidades al pedido14', '2022-08-10 15:28:20'),
	(161, 23, 'Gustavo Vladimir Agrego cantidades al pedido14', '2022-08-10 15:32:34'),
	(162, 23, 'Gustavo Vladimir Agrego cantidades al pedido1028', '2022-08-10 15:41:18'),
	(163, 23, 'Gustavo Vladimir Agrego cantidades al pedido1028', '2022-08-10 15:47:31'),
	(164, 23, 'Gustavo Vladimir Agrego cantidades al pedido14', '2022-08-10 15:48:12'),
	(165, 23, 'Gustavo Vladimir Agrego cantidades al pedido1028', '2022-08-10 15:59:40'),
	(166, 23, 'Gustavo Vladimir Agrego cantidades al pedido1028', '2022-08-10 16:00:35'),
	(167, 23, 'Gustavo Vladimir Agrego cantidades al pedido14', '2022-08-10 16:02:05'),
	(168, 23, 'Gustavo Vladimir Agrego cantidades al pedido14', '2022-08-10 16:03:15'),
	(169, 23, 'Gustavo Vladimir Agrego cantidades al pedido1028', '2022-08-10 16:04:39'),
	(170, 23, 'Gustavo Vladimir Agrego cantidades al pedido1028', '2022-08-10 16:06:45'),
	(171, 23, 'Gustavo Vladimir Agrego cantidades al pedido1028', '2022-08-10 16:19:04'),
	(172, 23, 'Gustavo Vladimir Agrego cantidades al pedido1028', '2022-08-10 16:21:03'),
	(173, 23, 'Gustavo Vladimir Agrego cantidades al pedido1028', '2022-08-10 16:22:07'),
	(174, 23, 'Gustavo Vladimir Agrego cantidades al pedido14', '2022-08-10 16:23:52'),
	(175, 23, 'Gustavo Vladimir Agrego cantidades al pedido1028', '2022-08-10 16:24:38'),
	(176, 23, 'Gustavo Vladimir Agrego cantidades al pedido1028', '2022-08-10 16:33:21'),
	(177, 23, 'Gustavo Vladimir Agrego cantidades al pedido1028', '2022-08-10 16:36:26'),
	(178, 23, 'Gustavo Vladimir Agrego cantidades al pedido14', '2022-08-10 16:37:51'),
	(179, 23, 'Gustavo Vladimir Agrego cantidades al pedido1028', '2022-08-10 16:40:19'),
	(180, 23, 'Gustavo Vladimir Agrego cantidades al pedido14', '2022-08-10 16:42:19'),
	(181, 23, 'Gustavo Vladimir Agrego cantidades al pedido1028', '2022-08-10 16:57:21'),
	(182, 23, 'Gustavo Vladimir Agrego cantidades al pedido14', '2022-08-10 16:58:00'),
	(183, 23, 'Gustavo Vladimir Agrego cantidades al pedido14', '2022-08-11 11:44:33'),
	(184, 23, 'Gustavo Vladimir Agrego cantidades al pedido14', '2022-08-11 11:59:40'),
	(185, 23, 'Gustavo Vladimir Agrego cantidades al pedido14', '2022-08-11 12:57:46'),
	(186, 23, 'Gustavo Vladimir Agrego cantidades al pedido1028', '2022-08-11 12:59:15'),
	(187, 23, 'Gustavo Vladimir Agrego cantidades al pedido14', '2022-08-11 13:01:06'),
	(188, 23, 'Gustavo Vladimir Agrego cantidades al pedido14', '2022-08-11 13:08:09'),
	(189, 23, 'Gustavo Vladimir Agrego cantidades al pedido14', '2022-08-11 13:23:02'),
	(190, 23, 'Gustavo Vladimir Agrego cantidades al pedido14', '2022-08-11 13:24:01'),
	(191, 23, 'Gustavo Vladimir Agrego cantidades al pedido14', '2022-08-11 13:33:20'),
	(192, 23, 'Gustavo Vladimir Agrego cantidades al pedido14', '2022-08-11 13:43:26'),
	(193, 23, 'Gustavo Vladimir Agrego cantidades al pedido14', '2022-08-11 13:48:14'),
	(194, 23, 'Gustavo Vladimir Agrego cantidades al pedido14', '2022-08-11 13:49:13'),
	(195, 23, 'Gustavo Vladimir Agrego cantidades al pedido14', '2022-08-11 13:50:04'),
	(196, 23, 'Gustavo Vladimir Agrego cantidades al pedido14', '2022-08-11 13:55:06'),
	(197, 23, 'Gustavo Vladimir Agrego cantidades al pedido14', '2022-08-11 13:55:54'),
	(198, 23, 'Gustavo Vladimir Agrego cantidades al pedido14', '2022-08-11 14:01:43'),
	(199, 23, 'Gustavo Vladimir Agrego cantidades al pedido14', '2022-08-11 14:02:30'),
	(200, 23, 'Gustavo Vladimir Agrego cantidades al pedido14', '2022-08-11 14:03:31'),
	(201, 23, 'Gustavo Vladimir Agrego cantidades al pedido14', '2022-08-11 14:07:08'),
	(202, 23, 'Gustavo Vladimir Agrego cantidades al pedido14', '2022-08-11 14:11:50'),
	(203, 23, 'Gustavo Vladimir Agrego cantidades al pedido14', '2022-08-11 14:13:20'),
	(204, 23, 'Gustavo Vladimir Agrego cantidades al pedido14', '2022-08-11 15:13:40'),
	(205, 23, 'Gustavo Vladimir Agrego cantidades al pedido14', '2022-08-11 15:15:51'),
	(206, 23, 'Gustavo Vladimir Agrego cantidades al pedido14', '2022-08-11 15:17:11'),
	(207, 23, 'Gustavo Vladimir Agrego cantidades al pedido14', '2022-08-11 15:42:42'),
	(208, 23, 'Gustavo Vladimir Agrego cantidades al pedido14', '2022-08-11 16:02:00'),
	(209, 23, 'Gustavo Vladimir Agrego cantidades al pedido1028', '2022-08-11 16:02:52'),
	(210, 23, 'Gustavo Vladimir Agrego cantidades al pedido14', '2022-08-11 16:04:01'),
	(211, 23, 'Gustavo Vladimir Agrego cantidades al pedido14', '2022-08-11 16:05:23'),
	(212, 23, 'Gustavo Vladimir Agrego cantidades al pedido14', '2022-08-11 16:07:48'),
	(213, 23, 'Gustavo Vladimir Agrego cantidades al pedido14', '2022-08-11 16:09:21'),
	(214, 23, 'Gustavo Vladimir Agrego cantidades al pedido14', '2022-08-11 16:16:01'),
	(215, 23, 'Gustavo Vladimir Agrego cantidades al pedido14', '2022-08-11 16:23:36'),
	(216, 23, 'Gustavo Vladimir Agrego cantidades al pedido14', '2022-08-11 16:24:27'),
	(217, 23, 'Gustavo Vladimir Agrego cantidades al pedido14', '2022-08-11 16:25:04'),
	(218, 23, 'Gustavo Vladimir Agrego cantidades al pedido14', '2022-08-11 16:25:56'),
	(219, 23, 'Gustavo Vladimir Agrego cantidades al pedido14', '2022-08-11 16:26:43'),
	(220, 23, 'Gustavo Vladimir Agrego cantidades al pedido14', '2022-08-11 16:56:20'),
	(221, 23, 'Gustavo Vladimir Agrego cantidades al pedido14', '2022-08-11 16:57:35'),
	(222, 23, 'Gustavo Vladimir Agrego cantidades al pedido14', '2022-08-12 09:49:11'),
	(223, 23, 'Gustavo Vladimir Agrego cantidades al pedido14', '2022-08-12 10:00:53'),
	(224, 23, 'Gustavo Vladimir Agrego cantidades al pedido14', '2022-08-12 10:38:02'),
	(225, 23, 'Gustavo Vladimir Agrego cantidades al pedido1028', '2022-08-12 15:56:51'),
	(226, 23, 'Gustavo Vladimir Agrego cantidades al pedido14', '2022-08-16 10:56:14'),
	(227, 23, 'Gustavo Vladimir ingresó el comentario: comentario', '2022-08-16 16:37:23'),
	(228, 23, 'Gustavo Vladimir ingresó el comentario: hola', '2022-08-16 16:47:10'),
	(229, 23, 'Gustavo Vladimir ingresó el comentario: comentario de prueba', '2022-08-16 16:50:05'),
	(230, 23, 'Gustavo Vladimir Agrego cantidades al pedido14', '2022-08-16 22:35:02'),
	(231, 23, 'Gustavo Vladimir Agrego cantidades al pedido22', '2022-08-16 22:41:36'),
	(232, 23, 'Gustavo Vladimir ingresó el comentario: hola', '2022-08-16 22:52:20'),
	(233, 23, 'Gustavo Vladimir Agrego cantidades al pedido1028', '2022-08-17 10:07:41'),
	(234, 23, 'Gustavo Vladimir ingresó el comentario: comentario numero uno ', '2022-08-17 10:09:04'),
	(235, 23, 'Gustavo Vladimir Agrego cantidades al pedido14', '2022-08-17 10:12:40'),
	(236, 23, 'Gustavo Vladimir ingresó el comentario: segundo comentario', '2022-08-17 10:12:58'),
	(237, 23, 'Gustavo Vladimir Agrego cantidades al pedido1028', '2022-08-17 10:13:34'),
	(238, 23, 'Gustavo Vladimir Agrego cantidades al pedido14', '2022-08-17 12:11:05'),
	(239, 23, 'Gustavo Vladimir ingresó el comentario: comentario 2', '2022-08-17 12:29:47'),
	(240, 23, 'Gustavo Vladimir Agrego cantidades al pedido14', '2022-08-17 13:04:27'),
	(241, 23, 'Gustavo Vladimir Agrego cantidades al pedido14', '2022-08-17 13:17:12'),
	(242, 23, 'Gustavo Vladimir Agrego cantidades al pedido14', '2022-08-17 13:47:43'),
	(243, 23, 'Gustavo Vladimir Agrego cantidades al pedido14', '2022-08-17 13:50:23'),
	(244, 23, 'Gustavo Vladimir Agrego cantidades al pedido14', '2022-08-17 13:54:24'),
	(245, 23, 'Gustavo Vladimir Agrego cantidades al pedido14', '2022-08-17 13:59:12'),
	(246, 23, 'Gustavo Vladimir Agrego cantidades al pedido14', '2022-08-17 13:59:55'),
	(247, 23, 'Gustavo Vladimir Agrego cantidades al pedido14', '2022-08-17 14:10:20'),
	(248, 23, 'Gustavo Vladimir Agrego cantidades al pedido14', '2022-08-17 14:15:20'),
	(249, 23, 'Gustavo Vladimir Agrego cantidades al pedido14', '2022-08-17 14:18:53'),
	(250, 23, 'Gustavo Vladimir Agrego cantidades al pedido14', '2022-08-17 14:19:32'),
	(251, 23, 'Gustavo Vladimir Agrego cantidades al pedido14', '2022-08-17 16:05:36'),
	(252, 23, 'Gustavo Vladimir Agrego cantidades al pedido14', '2022-08-17 16:06:05'),
	(253, 23, 'Gustavo Vladimir Agrego cantidades al pedido14', '2022-08-17 16:06:57'),
	(254, 23, 'Gustavo Vladimir Agrego cantidades al pedido14', '2022-08-17 16:08:09'),
	(255, 23, 'Gustavo Vladimir Agrego cantidades al pedido1028', '2022-08-17 16:25:43'),
	(256, 23, 'Gustavo Vladimir Agrego cantidades al pedidoNUEZ GRANILLO', '2022-08-17 16:26:41'),
	(257, 23, 'Gustavo Vladimir Agrego cantidades al pedido888', '2022-08-17 16:26:54'),
	(258, 23, 'Gustavo Vladimir Agrego cantidades al pedido888', '2022-08-17 16:27:01'),
	(259, 23, 'Gustavo Vladimir Agrego cantidades al pedido888', '2022-08-17 16:27:14'),
	(260, 23, 'Gustavo Vladimir Agrego cantidades al pedido888', '2022-08-17 16:27:17'),
	(261, 23, 'Gustavo Vladimir Agrego cantidades al pedido888', '2022-08-17 16:27:17'),
	(262, 23, 'Gustavo Vladimir Agrego cantidades al pedido888', '2022-08-17 16:27:17'),
	(263, 23, 'Gustavo Vladimir Agrego cantidades al pedido888', '2022-08-17 16:27:17'),
	(264, 23, 'Gustavo Vladimir Agrego cantidades al pedido888', '2022-08-17 16:27:17'),
	(265, 23, 'Gustavo Vladimir Agrego cantidades al pedido888', '2022-08-17 16:27:18'),
	(266, 23, 'Gustavo Vladimir Agrego cantidades al pedido888', '2022-08-17 16:27:28'),
	(267, 23, 'Gustavo Vladimir Agrego cantidades al pedido888', '2022-08-17 16:27:29'),
	(268, 23, 'Gustavo Vladimir Agrego cantidades al pedido888', '2022-08-17 16:27:29'),
	(269, 23, 'Gustavo Vladimir Agrego cantidades al pedido888', '2022-08-17 16:27:29'),
	(270, 23, 'Gustavo Vladimir Agrego cantidades al pedido888', '2022-08-17 16:27:29'),
	(271, 23, 'Gustavo Vladimir Agrego cantidades al pedido888', '2022-08-17 16:27:29'),
	(272, 23, 'Gustavo Vladimir Agrego cantidades al pedido888', '2022-08-17 16:27:30'),
	(273, 23, 'Gustavo Vladimir Agrego cantidades al pedido888', '2022-08-17 16:27:30'),
	(274, 23, 'Gustavo Vladimir Agrego cantidades al pedido1028', '2022-08-17 16:27:40'),
	(275, 23, 'Gustavo Vladimir Agrego cantidades al pedido', '2022-08-17 16:30:04'),
	(276, 23, 'Gustavo Vladimir Agrego cantidades al pedido888', '2022-08-17 16:35:25'),
	(277, 23, 'Gustavo Vladimir Agrego cantidades al pedido888', '2022-08-17 16:35:29'),
	(278, 23, 'Gustavo Vladimir Agrego cantidades al pedido888', '2022-08-17 16:35:29'),
	(279, 23, 'Gustavo Vladimir Agrego cantidades al pedido888', '2022-08-17 16:35:29'),
	(280, 23, 'Gustavo Vladimir Agrego cantidades al pedido888', '2022-08-17 16:35:29'),
	(281, 23, 'Gustavo Vladimir Agrego cantidades al pedido888', '2022-08-17 16:35:30'),
	(282, 23, 'Gustavo Vladimir Agrego cantidades al pedido888', '2022-08-17 16:35:30'),
	(283, 23, 'Gustavo Vladimir Agrego cantidades al pedido', '2022-08-17 16:35:58'),
	(284, 23, 'Gustavo Vladimir Agrego cantidades al pedidoENTOMATADO EL ESPECIERO 500GR', '2022-08-17 16:36:28'),
	(285, 23, 'Gustavo Vladimir Agrego cantidades al pedido407', '2022-08-17 16:36:29'),
	(286, 23, 'Gustavo Vladimir Agrego cantidades al pedido407', '2022-08-17 16:36:37'),
	(287, 23, 'Gustavo Vladimir Agrego cantidades al pedido407', '2022-08-17 16:36:38'),
	(288, 23, 'Gustavo Vladimir Agrego cantidades al pedido407', '2022-08-17 16:36:38'),
	(289, 23, 'Gustavo Vladimir Agrego cantidades al pedido407', '2022-08-17 16:36:38'),
	(290, 23, 'Gustavo Vladimir Agrego cantidades al pedido407', '2022-08-17 16:36:38'),
	(291, 23, 'Gustavo Vladimir Agrego cantidades al pedido407', '2022-08-17 16:36:38'),
	(292, 23, 'Gustavo Vladimir Agrego cantidades al pedido407', '2022-08-17 16:36:40'),
	(293, 23, 'Gustavo Vladimir Agrego cantidades al pedido407', '2022-08-17 16:36:40'),
	(294, 23, 'Gustavo Vladimir Agrego cantidades al pedido407', '2022-08-17 16:36:40'),
	(295, 23, 'Gustavo Vladimir Agrego cantidades al pedido407', '2022-08-17 16:36:41'),
	(296, 23, 'Gustavo Vladimir Agrego cantidades al pedido407', '2022-08-17 16:36:41'),
	(297, 23, 'Gustavo Vladimir Agrego cantidades al pedido407', '2022-08-17 16:36:41'),
	(298, 23, 'Gustavo Vladimir Agrego cantidades al pedido407', '2022-08-17 16:36:41'),
	(299, 23, 'Gustavo Vladimir Agrego cantidades al pedido22', '2022-08-17 16:37:42'),
	(300, 23, 'Gustavo Vladimir Agrego cantidades al pedido22', '2022-08-17 16:37:44'),
	(301, 23, 'Gustavo Vladimir Agrego cantidades al pedido888', '2022-08-17 16:38:45'),
	(302, 23, 'Gustavo Vladimir Agrego cantidades al pedido888', '2022-08-17 16:38:45'),
	(303, 23, 'Gustavo Vladimir Agrego cantidades al pedido888', '2022-08-17 16:38:45'),
	(304, 23, 'Gustavo Vladimir Agrego cantidades al pedido888', '2022-08-17 16:41:49'),
	(305, 23, 'Gustavo Vladimir Agrego cantidades al pedido888', '2022-08-17 16:47:02'),
	(306, 23, 'Gustavo Vladimir Agrego cantidades al pedido888', '2022-08-17 17:00:29'),
	(307, 23, 'Gustavo Vladimir Agrego cantidades al pedido888', '2022-08-18 10:33:48'),
	(308, 23, 'Gustavo Vladimir Agrego cantidades al pedido', '2022-08-18 15:50:02'),
	(309, 23, 'Gustavo Vladimir Agrego cantidades al pedido888', '2022-08-18 16:13:26'),
	(310, 23, 'Gustavo Vladimir Agrego cantidades al pedido888', '2022-08-18 16:26:17'),
	(311, 23, 'Gustavo Vladimir Agrego cantidades al pedidoSAL DE AJO', '2022-08-18 16:27:51'),
	(312, 23, 'Gustavo Vladimir Agrego cantidades al pedido888', '2022-08-18 16:44:18'),
	(313, 23, 'Gustavo Vladimir Agrego cantidades al pedido888', '2022-08-18 16:45:43'),
	(314, 23, 'Gustavo Vladimir Agrego cantidades al pedido888', '2022-08-18 17:26:21'),
	(315, 23, 'Gustavo Vladimir Agrego cantidades al pedido888', '2022-08-18 17:28:02'),
	(316, 23, 'Gustavo Vladimir Agrego cantidades al pedido888', '2022-08-18 17:28:53'),
	(317, 23, 'Gustavo Vladimir Agrego cantidades al pedido888', '2022-08-19 09:59:46'),
	(318, 23, 'Gustavo Vladimir Agrego cantidades al pedido888', '2022-08-19 10:03:13'),
	(319, 23, 'Gustavo Vladimir Agrego cantidades al pedido888', '2022-08-19 10:05:10'),
	(320, 23, 'Gustavo Vladimir Agrego cantidades al pedido1033', '2022-08-19 10:08:30'),
	(321, 23, 'Gustavo Vladimir Agrego cantidades al pedido888', '2022-08-19 10:10:09'),
	(322, 23, 'Gustavo Vladimir Agrego cantidades al pedido1033', '2022-08-19 10:11:04'),
	(323, 23, 'Gustavo Vladimir Agrego cantidades al pedido1033', '2022-08-19 10:11:05'),
	(324, 23, 'Gustavo Vladimir Agrego cantidades al pedido1033', '2022-08-19 10:11:11'),
	(325, 23, 'Gustavo Vladimir Agrego cantidades al pedido1033', '2022-08-19 10:11:11'),
	(326, 23, 'Gustavo Vladimir Agrego cantidades al pedido1033', '2022-08-19 10:11:11'),
	(327, 23, 'Gustavo Vladimir Agrego cantidades al pedido', '2022-08-19 10:11:41'),
	(328, 23, 'Gustavo Vladimir Agrego cantidades al pedido', '2022-08-19 10:15:57'),
	(329, 23, 'Gustavo Vladimir Agrego cantidades al pedidoCARNE MOLIDA DE PULPA DE RES AL ALTO VACÍO', '2022-08-19 10:21:46'),
	(330, 23, 'Gustavo Vladimir Agrego cantidades al pedido1033', '2022-08-19 10:27:39'),
	(331, 23, 'Gustavo Vladimir Agrego cantidades al pedido1033', '2022-08-19 10:29:47'),
	(332, 23, 'Gustavo Vladimir Agrego cantidades al pedido1033', '2022-08-19 10:29:57'),
	(333, 23, 'Gustavo Vladimir Agrego cantidades al pedido1033', '2022-08-19 10:29:57'),
	(334, 23, 'Gustavo Vladimir Agrego cantidades al pedido1033', '2022-08-19 10:29:58'),
	(335, 23, 'Gustavo Vladimir Agrego cantidades al pedido1033', '2022-08-19 10:29:58'),
	(336, 23, 'Gustavo Vladimir Agrego cantidades al pedido1033', '2022-08-19 10:29:58'),
	(337, 23, 'Gustavo Vladimir Agrego cantidades al pedido1033', '2022-08-19 10:30:20'),
	(338, 23, 'Gustavo Vladimir Agrego cantidades al pedido1033', '2022-08-19 10:30:22'),
	(339, 23, 'Gustavo Vladimir Agrego cantidades al pedido1033', '2022-08-19 10:30:22'),
	(340, 23, 'Gustavo Vladimir Agrego cantidades al pedido1033', '2022-08-19 10:30:22'),
	(341, 23, 'Gustavo Vladimir Agrego cantidades al pedido1033', '2022-08-19 10:30:31'),
	(342, 23, 'Gustavo Vladimir Agrego cantidades al pedido1033', '2022-08-19 10:30:31'),
	(343, 23, 'Gustavo Vladimir Agrego cantidades al pedido1007', '2022-08-19 10:30:57'),
	(344, 23, 'Gustavo Vladimir Agrego cantidades al pedido1007', '2022-08-19 12:16:12'),
	(345, 23, 'Gustavo Vladimir Agrego cantidades al pedido1007', '2022-08-19 12:17:31'),
	(346, 23, 'Gustavo Vladimir Agrego cantidades al pedido1007', '2022-08-19 12:18:02'),
	(347, 23, 'Gustavo Vladimir Agrego cantidades al pedido1007', '2022-08-19 12:19:48'),
	(348, 23, 'Gustavo Vladimir Agrego cantidades al pedido1007', '2022-08-19 12:23:17'),
	(349, 23, 'Gustavo Vladimir Agrego cantidades al pedido1007', '2022-08-19 12:25:14'),
	(350, 23, 'Gustavo Vladimir Agrego cantidades al pedido1007', '2022-08-19 12:26:33'),
	(351, 23, 'Gustavo Vladimir Agrego cantidades al pedido1007', '2022-08-19 12:28:28'),
	(352, 23, 'Gustavo Vladimir Agrego cantidades al pedido1007', '2022-08-19 13:16:57'),
	(353, 23, 'Gustavo Vladimir Agrego cantidades al pedido1007', '2022-08-19 13:26:17'),
	(354, 23, 'Gustavo Vladimir Agrego cantidades al pedido1007', '2022-08-19 13:32:36'),
	(355, 23, 'Gustavo Vladimir Agrego cantidades al pedido1007', '2022-08-19 13:41:32'),
	(356, 23, 'Gustavo Vladimir Agrego cantidades al pedido1007', '2022-08-19 13:42:43'),
	(357, 23, 'Gustavo Vladimir Agrego cantidades al pedido1007', '2022-08-22 10:48:44'),
	(358, 23, 'Gustavo Vladimir Agrego cantidades al pedido1007', '2022-08-22 10:54:15'),
	(359, 23, 'Gustavo Vladimir Agrego cantidades al pedido1007', '2022-08-22 11:02:24'),
	(360, 23, 'Gustavo Vladimir Agrego cantidades al pedido1007', '2022-08-22 11:02:49'),
	(361, 23, 'Gustavo Vladimir Agrego cantidades al pedido1007', '2022-08-22 11:08:55'),
	(362, 23, 'Gustavo Vladimir Agrego cantidades al pedido1007', '2022-08-22 11:16:43'),
	(363, 23, 'Gustavo Vladimir Agrego cantidades al pedido1007', '2022-08-22 11:17:21'),
	(364, 23, 'Gustavo Vladimir Agrego cantidades al pedido1007', '2022-08-22 11:19:05'),
	(365, 23, 'Gustavo Vladimir Agrego cantidades al pedido1007', '2022-08-22 11:20:10'),
	(366, 23, 'Gustavo Vladimir Agrego cantidades al pedido1007', '2022-08-22 11:20:36'),
	(367, 23, 'Gustavo Vladimir Agrego cantidades al pedido1007', '2022-08-22 11:21:53'),
	(368, 23, 'Gustavo Vladimir Agrego cantidades al pedido1007', '2022-08-22 11:22:24'),
	(369, 23, 'Gustavo Vladimir Agrego cantidades al pedido1007', '2022-08-22 11:26:38'),
	(370, 23, 'Gustavo Vladimir Agrego cantidades al pedido1007', '2022-08-22 11:37:41'),
	(371, 23, 'Gustavo Vladimir Agrego cantidades al pedido1007', '2022-08-22 12:23:14'),
	(372, 23, 'Gustavo Vladimir Agrego cantidades al pedido1007', '2022-08-22 12:26:27'),
	(373, 23, 'Gustavo Vladimir Agrego cantidades al pedido1007', '2022-08-22 12:31:00'),
	(374, 23, 'Gustavo Vladimir Agrego cantidades al pedido1007', '2022-08-22 12:32:48'),
	(375, 23, 'Gustavo Vladimir Agrego cantidades al pedido1007', '2022-08-22 12:33:26'),
	(376, 23, 'Gustavo Vladimir Agrego cantidades al pedido1007', '2022-08-22 12:34:35'),
	(377, 23, 'Gustavo Vladimir Agrego cantidades al pedido1007', '2022-08-22 12:42:03'),
	(378, 23, 'Gustavo Vladimir Agrego cantidades al pedido1007', '2022-08-22 12:49:06'),
	(379, 23, 'Gustavo Vladimir Agrego cantidades al pedido1007', '2022-08-22 12:49:33'),
	(380, 23, 'Gustavo Vladimir Agrego cantidades al pedido1007', '2022-08-22 12:50:11'),
	(381, 23, 'Gustavo Vladimir Agrego cantidades al pedido1007', '2022-08-22 12:50:32'),
	(382, 23, 'Gustavo Vladimir Agrego cantidades al pedido1007', '2022-08-22 12:53:37'),
	(383, 23, 'Gustavo Vladimir Agrego cantidades al pedido1007', '2022-08-22 12:58:38'),
	(384, 23, 'Gustavo Vladimir Agrego cantidades al pedido1007', '2022-08-22 13:11:02'),
	(385, 23, 'Gustavo Vladimir Agrego cantidades al pedido1007', '2022-08-22 13:13:18'),
	(386, 23, 'Gustavo Vladimir Agrego cantidades al pedido1007', '2022-08-22 13:13:44'),
	(387, 23, 'Gustavo Vladimir Agrego cantidades al pedido1007', '2022-08-22 13:14:09'),
	(388, 23, 'Gustavo Vladimir Agrego cantidades al pedido1007', '2022-08-22 13:14:51'),
	(389, 23, 'Gustavo Vladimir Agrego cantidades al pedido1007', '2022-08-22 13:23:45'),
	(390, 23, 'Gustavo Vladimir Agrego cantidades al pedido1007', '2022-08-22 13:24:38'),
	(391, 23, 'Gustavo Vladimir Agrego cantidades al pedido1007', '2022-08-22 13:50:12'),
	(392, 23, 'Gustavo Vladimir Agrego cantidades al pedido1007', '2022-08-22 13:51:42'),
	(393, 23, 'Gustavo Vladimir Agrego cantidades al pedido1007', '2022-08-22 13:52:42'),
	(394, 23, 'Gustavo Vladimir Agrego cantidades al pedido1007', '2022-08-22 13:56:20'),
	(395, 23, 'Gustavo Vladimir Agrego cantidades al pedido1007', '2022-08-22 13:57:37'),
	(396, 23, 'Gustavo Vladimir Agrego cantidades al pedido1007', '2022-08-23 10:40:23'),
	(397, 23, 'Gustavo Vladimir Agrego cantidades al pedido1007', '2022-08-24 12:37:28'),
	(398, 23, 'Gustavo Vladimir Agrego cantidades al pedido1007', '2022-08-24 15:22:56'),
	(399, 23, 'Gustavo Vladimir Agrego cantidades al pedido1007', '2022-08-24 15:46:17'),
	(400, 23, 'Gustavo Vladimir Agrego cantidades al pedido1007', '2022-08-24 15:46:50'),
	(401, 23, 'Gustavo Vladimir Agrego cantidades al pedido1007', '2022-08-24 15:48:08'),
	(402, 23, 'Gustavo Vladimir Agrego cantidades al pedido1007', '2022-08-24 15:54:39'),
	(403, 23, 'Gustavo Vladimir Agrego cantidades al pedido1007', '2022-08-24 15:56:28'),
	(404, 23, 'Gustavo Vladimir Agrego cantidades al pedido1007', '2022-08-24 16:04:02'),
	(405, 23, 'Gustavo Vladimir Agrego cantidades al pedido1007', '2022-08-24 16:46:50'),
	(406, 23, 'Gustavo Vladimir Agrego cantidades al pedido1007', '2022-08-25 10:47:46'),
	(407, 23, 'Gustavo Vladimir Agrego cantidades al pedido1007', '2022-08-25 11:16:41'),
	(408, 23, 'Gustavo Vladimir Agrego cantidades al pedido1007', '2022-08-25 11:25:52'),
	(409, 23, 'Gustavo Vladimir Agrego cantidades al pedido1007', '2022-08-25 11:33:15'),
	(410, 23, 'Gustavo Vladimir Agrego cantidades al pedido1007', '2022-08-25 11:33:44'),
	(411, 23, 'Gustavo Vladimir Agrego cantidades al pedido1007', '2022-08-25 11:34:31'),
	(412, 23, 'Gustavo Vladimir Agrego cantidades al pedido1007', '2022-08-25 11:38:58'),
	(413, 23, 'Gustavo Vladimir Agrego cantidades al pedido1007', '2022-08-25 11:39:45'),
	(414, 23, 'Gustavo Vladimir Agrego cantidades al pedido1007', '2022-08-25 11:41:10'),
	(415, 23, 'Gustavo Vladimir Agrego cantidades al pedido1007', '2022-08-25 11:41:41'),
	(416, 23, 'Gustavo Vladimir Agrego cantidades al pedido1007', '2022-08-25 11:47:21'),
	(417, 23, 'Gustavo Vladimir Agrego cantidades al pedido1007', '2022-08-25 11:48:12'),
	(418, 23, 'Gustavo Vladimir Agrego cantidades al pedido1007', '2022-08-25 12:07:26'),
	(419, 23, 'Gustavo Vladimir Agrego cantidades al pedido1007', '2022-08-25 12:09:19'),
	(420, 23, 'Gustavo Vladimir Agrego cantidades al pedido1007', '2022-08-25 12:15:26'),
	(421, 23, 'Gustavo Vladimir Agrego cantidades al pedido1007', '2022-08-25 12:17:33'),
	(422, 23, 'Gustavo Vladimir Agrego cantidades al pedido1007', '2022-08-25 12:20:03'),
	(423, 23, 'Gustavo Vladimir Agrego cantidades al pedido1007', '2022-08-25 12:21:05'),
	(424, 23, 'Gustavo Vladimir Agrego cantidades al pedido1007', '2022-08-25 12:22:05'),
	(425, 23, 'Gustavo Vladimir Agrego cantidades al pedido1007', '2022-08-25 12:23:50'),
	(426, 23, 'Gustavo Vladimir Agrego cantidades al pedido1007', '2022-08-25 14:04:54'),
	(427, 23, 'Gustavo Vladimir Agrego cantidades al pedido1007', '2022-08-25 17:06:04'),
	(428, 23, 'Gustavo Vladimir Agrego cantidades al pedido1007', '2022-08-25 17:06:44'),
	(429, 23, 'Gustavo Vladimir Agrego cantidades al pedido1007', '2022-08-25 17:07:26'),
	(430, 23, 'Gustavo Vladimir Agrego cantidades al pedido1007', '2022-08-26 13:42:03'),
	(431, 23, 'Gustavo Vladimir Agrego cantidades al pedido1007', '2022-08-26 13:44:09'),
	(432, 23, 'Gustavo Vladimir Agrego cantidades al pedido1007', '2022-08-26 13:55:27'),
	(433, 23, 'Gustavo Vladimir Agrego cantidades al pedido1007', '2022-08-26 13:59:37'),
	(434, 23, 'Gustavo Vladimir Agrego cantidades al pedidoMANDARINA', '2022-08-29 10:05:10'),
	(435, 23, 'Gustavo Vladimir Agrego cantidades al pedido1007', '2022-08-29 10:50:17'),
	(436, 23, 'Gustavo Vladimir asigno al usuario Manuel  al departamento Calidad', '2022-08-29 11:58:41'),
	(437, 28, 'Manuel  Agrego cantidades al pedidoJITOMATE SALADET &nbsp;', '2022-08-29 11:58:58'),
	(438, 28, 'Manuel  Agrego cantidades al pedido1007', '2022-08-29 16:49:20'),
	(439, 28, 'Manuel  ingresó el comentario: hola comentario', '2022-08-29 16:49:38'),
	(440, 28, 'Manuel  ingresó el comentario: Hola de nuevo', '2022-08-29 16:49:52'),
	(441, 28, 'Manuel  ingresó el comentario: comentario', '2022-08-29 16:50:13'),
	(442, 28, 'Manuel  ingresó el comentario: what', '2022-08-29 16:50:26'),
	(443, 23, 'Gustavo Vladimir asigno al usuario pruebas hola al departamento Calidad', '2022-08-30 10:53:38'),
	(444, 29, 'pruebas hola Agrego cantidades al pedido888', '2022-08-30 10:54:47'),
	(445, 29, 'pruebas hola ingresó el comentario: hola', '2022-08-30 10:55:19'),
	(446, 29, 'pruebas hola ingresó el comentario: hola2', '2022-08-30 10:55:36'),
	(447, 29, 'pruebas hola Agrego cantidades al pedido1007', '2022-08-30 12:53:19'),
	(448, 29, 'pruebas hola Agrego cantidades al pedido1007', '2022-08-30 13:10:06');

-- Dumping structure for table cotizador.calificaciones_proveedores
CREATE TABLE IF NOT EXISTS `calificaciones_proveedores` (
  `id` int(11) NOT NULL AUTO_INCREMENT,
  `calificacion` int(11) DEFAULT NULL,
  `id_pregunta` int(11) DEFAULT NULL,
  `fecha` datetime DEFAULT NULL,
  `id_proveedor` int(11) DEFAULT NULL,
  `id_pedido` int(11) DEFAULT NULL,
  PRIMARY KEY (`id`)
) ENGINE=InnoDB AUTO_INCREMENT=2 DEFAULT CHARSET=utf8mb4;

-- Dumping data for table cotizador.calificaciones_proveedores: ~0 rows (approximately)

-- Dumping structure for table cotizador.costos_generales
CREATE TABLE IF NOT EXISTS `costos_generales` (
  `iva` decimal(5,2) DEFAULT 0.00,
  `dap` decimal(5,2) DEFAULT 0.00,
  `indice_utilidad` decimal(5,2) DEFAULT 0.00,
  `mano_obra_metro` decimal(10,2) DEFAULT 0.00,
  `mano_obra_panel` decimal(10,2) DEFAULT 0.00,
  `costo_metro` decimal(10,2) DEFAULT 0.00
) ENGINE=InnoDB DEFAULT CHARSET=utf8;

-- Dumping data for table cotizador.costos_generales: ~1 rows (approximately)
INSERT INTO `costos_generales` (`iva`, `dap`, `indice_utilidad`, `mano_obra_metro`, `mano_obra_panel`, `costo_metro`) VALUES
	(16.00, 8.00, 25.00, 85.00, 1000.00, 75.00);

-- Dumping structure for table cotizador.departamentos
CREATE TABLE IF NOT EXISTS `departamentos` (
  `id_departamento` int(11) NOT NULL AUTO_INCREMENT,
  `nombre` varchar(100) NOT NULL,
  `icono` varchar(100) NOT NULL,
  `texto` varchar(255) NOT NULL,
  PRIMARY KEY (`id_departamento`)
) ENGINE=InnoDB AUTO_INCREMENT=7 DEFAULT CHARSET=utf8mb4;

-- Dumping data for table cotizador.departamentos: ~6 rows (approximately)
INSERT INTO `departamentos` (`id_departamento`, `nombre`, `icono`, `texto`) VALUES
	(1, 'Compras', '<i class="fa fa-shopping-cart fa-4x" aria-hidden="true"></i>', 'Gestión de permisos del departamento de compras'),
	(2, 'Ventas', '<i class="fa fa-usd fa-4x" aria-hidden="true"></i>', 'Gestión de permisos del departamento de ventas'),
	(3, 'Calidad', '<i class="fa fa-shopping-bag fa-4x" aria-hidden="true"></i>', 'Gestión de permisos del departamento de productos'),
	(4, 'Almacén', '<i class="fa fa-archive fa-4x" aria-hidden="true"></i>', 'Gestión de permisos del departamento de almacén'),
	(5, 'Finanzas', '<i class="fa fa-line-chart fa-4x" aria-hidden="true"></i>', 'Gestión de permisos del departamento de finanzas'),
	(6, 'RH', '<i class="fa fa-users fa-4x" aria-hidden="true"></i>', 'Gestión de permisos del departamento de recursos humanos');

-- Dumping structure for table cotizador.departamentos_usuarios
CREATE TABLE IF NOT EXISTS `departamentos_usuarios` (
  `id` int(11) NOT NULL AUTO_INCREMENT,
  `id_usuario` int(11) NOT NULL,
  `id_departamento` int(11) NOT NULL,
  `status` tinyint(4) NOT NULL DEFAULT 0,
  PRIMARY KEY (`id`)
) ENGINE=InnoDB AUTO_INCREMENT=43 DEFAULT CHARSET=utf8mb4;

-- Dumping data for table cotizador.departamentos_usuarios: ~42 rows (approximately)
INSERT INTO `departamentos_usuarios` (`id`, `id_usuario`, `id_departamento`, `status`) VALUES
	(1, 26, 1, 0),
	(2, 26, 2, 0),
	(3, 26, 3, 0),
	(4, 26, 4, 0),
	(5, 26, 5, 0),
	(6, 26, 6, 0),
	(7, 23, 1, 0),
	(8, 23, 2, 1),
	(9, 23, 3, 1),
	(10, 23, 4, 1),
	(11, 23, 5, 1),
	(12, 23, 6, 0),
	(13, 24, 1, 0),
	(14, 24, 2, 0),
	(15, 24, 3, 0),
	(16, 24, 4, 0),
	(17, 24, 5, 0),
	(18, 24, 6, 0),
	(19, 25, 1, 0),
	(20, 25, 2, 0),
	(21, 25, 3, 0),
	(22, 25, 4, 0),
	(23, 25, 5, 0),
	(24, 25, 6, 0),
	(25, 27, 1, 0),
	(26, 27, 2, 0),
	(27, 27, 3, 0),
	(28, 27, 4, 0),
	(29, 27, 5, 0),
	(30, 27, 6, 0),
	(31, 28, 1, 0),
	(32, 28, 2, 0),
	(33, 28, 3, 1),
	(34, 28, 4, 0),
	(35, 28, 5, 0),
	(36, 28, 6, 0),
	(37, 29, 1, 0),
	(38, 29, 2, 0),
	(39, 29, 3, 1),
	(40, 29, 4, 0),
	(41, 29, 5, 0),
	(42, 29, 6, 0);

-- Dumping structure for table cotizador.notificaciones
CREATE TABLE IF NOT EXISTS `notificaciones` (
  `id` int(11) NOT NULL AUTO_INCREMENT,
  `texto` varchar(150) DEFAULT NULL,
  `fecha` datetime DEFAULT NULL,
  `id_departamento` int(11) DEFAULT NULL,
  PRIMARY KEY (`id`)
) ENGINE=InnoDB AUTO_INCREMENT=6 DEFAULT CHARSET=utf8mb4;

-- Dumping data for table cotizador.notificaciones: ~5 rows (approximately)
INSERT INTO `notificaciones` (`id`, `texto`, `fecha`, `id_departamento`) VALUES
	(1, 'El usuario Gustavo Vladimir Martinez se encuentra en espera de aprobación del pedido PO2202-0948', '2022-08-26 13:59:41', 3),
	(2, 'El usuario Gustavo Vladimir Martinez se encuentra en espera de aprobación del pedido PO2202-0940', '2022-08-29 10:05:14', 3),
	(3, 'El usuario Gustavo Vladimir Martinez se encuentra en espera de aprobación del pedido PO2202-0948', '2022-08-29 10:50:34', 3),
	(4, 'El usuario Manuel  Cazasola se encuentra en espera de aprobación del pedido PO2102-0013', '2022-08-29 11:59:03', 3),
	(5, 'El usuario pruebas hola prueba1 se encuentra en espera de aprobación del pedido PO2201-0845', '2022-08-30 10:56:36', 3);

-- Dumping structure for table cotizador.pedidos_status
CREATE TABLE IF NOT EXISTS `pedidos_status` (
  `id` int(11) NOT NULL AUTO_INCREMENT,
  `id_pedido` int(11) DEFAULT NULL,
  `status` int(11) DEFAULT NULL,
  `fecha` datetime DEFAULT NULL,
  `id_usuario` int(11) DEFAULT NULL,
  PRIMARY KEY (`id`),
  UNIQUE KEY `id_pedido` (`id_pedido`)
) ENGINE=InnoDB AUTO_INCREMENT=44 DEFAULT CHARSET=utf8mb4;

-- Dumping data for table cotizador.pedidos_status: ~8 rows (approximately)
INSERT INTO `pedidos_status` (`id`, `id_pedido`, `status`, `fecha`, `id_usuario`) VALUES
	(34, 1007, 2, '2022-08-30 13:10:10', 29),
	(35, 993, 3, '2022-08-29 10:05:14', 23),
	(36, 960, 1, '2022-08-24 12:20:33', 23),
	(39, NULL, NULL, '2022-08-26 13:42:40', 23),
	(40, NULL, NULL, '2022-08-26 13:44:22', 23),
	(41, NULL, NULL, '2022-08-26 13:55:41', 23),
	(42, 14, 3, '2022-08-29 11:59:03', 28),
	(43, 888, 3, '2022-08-30 10:56:36', 29);

-- Dumping structure for table cotizador.permisos
CREATE TABLE IF NOT EXISTS `permisos` (
  `id` int(11) NOT NULL AUTO_INCREMENT,
  `permiso` varchar(100) NOT NULL,
  PRIMARY KEY (`id`)
) ENGINE=InnoDB DEFAULT CHARSET=utf8mb4;

-- Dumping data for table cotizador.permisos: ~0 rows (approximately)

-- Dumping structure for table cotizador.preguntas
CREATE TABLE IF NOT EXISTS `preguntas` (
  `id` int(11) NOT NULL AUTO_INCREMENT,
  `pregunta` varchar(150) DEFAULT NULL,
  PRIMARY KEY (`id`)
) ENGINE=InnoDB AUTO_INCREMENT=5 DEFAULT CHARSET=utf8mb4;

-- Dumping data for table cotizador.preguntas: ~4 rows (approximately)
INSERT INTO `preguntas` (`id`, `pregunta`) VALUES
	(1, 'Proveedor llegó en tiempo y forma'),
	(2, 'Producto completo'),
	(3, 'Calidad de producto'),
	(4, 'Acomodo correcto de transorte');

-- Dumping structure for table cotizador.productos_cantidades
CREATE TABLE IF NOT EXISTS `productos_cantidades` (
  `id` int(11) NOT NULL AUTO_INCREMENT,
  `id_pedido` int(11) DEFAULT 0,
  `id_producto` int(11) DEFAULT 0,
  `cantidad_esperada` double(10,2) DEFAULT NULL,
  `cantidad_entregada` double(10,2) DEFAULT NULL,
  `merma` double(10,2) DEFAULT NULL,
  `nombre_producto` varchar(100) DEFAULT NULL,
  `fotografia` varchar(100) DEFAULT NULL,
  `status` tinyint(4) DEFAULT 0,
  `comentario` varchar(255) DEFAULT NULL,
  PRIMARY KEY (`id`)
) ENGINE=InnoDB AUTO_INCREMENT=151 DEFAULT CHARSET=utf8mb4;

-- Dumping data for table cotizador.productos_cantidades: ~108 rows (approximately)
INSERT INTO `productos_cantidades` (`id`, `id_pedido`, `id_producto`, `cantidad_esperada`, `cantidad_entregada`, `merma`, `nombre_producto`, `fotografia`, `status`, `comentario`) VALUES
	(43, 888, 180, 5.00, 5.00, 0.00, 'CHILE DE ÁRBOL GRANEL', 'evidencia_43', 0, 'hola'),
	(44, 888, 274, 5.00, 5.00, 0.00, 'TAMARINDO', 'evidencia_44', 0, 'hola2'),
	(45, 888, 309, 3.00, 3.00, 0.00, 'AJONJOLÍ', NULL, 0, NULL),
	(46, 888, 315, 3.00, 3.00, 0.00, 'COCO RAYADO', NULL, 0, NULL),
	(47, 888, 321, 3.00, 3.00, 0.00, 'NUEZ DE LA INDIA', NULL, 0, NULL),
	(48, 888, 322, 3.00, 3.00, 0.00, 'NUEZ PECANA', NULL, 0, NULL),
	(49, 888, 323, 3.00, 3.00, 0.00, 'PISTACHE CON CÁSCARA', NULL, 0, NULL),
	(50, 888, 338, 2.00, 2.00, 0.00, 'CEBOLLA MOLIDA', NULL, 0, NULL),
	(51, 888, 926, 5.00, 5.00, 0.00, 'CHILE GUAJILLO GRANEL', NULL, 0, NULL),
	(52, 888, 945, 3.00, 3.00, 0.00, 'NUEZ GRANILLO', NULL, 0, NULL),
	(53, 888, 946, 2.50, 2.50, 0.00, 'NUEZ TROZOS PECANA', NULL, 0, NULL),
	(54, 888, 947, 3.00, 3.00, 0.00, 'PASITA', NULL, 0, NULL),
	(55, 888, 949, 3.00, 3.00, 0.00, 'SAL DE AJO', NULL, 0, NULL),
	(56, 1033, 1581, 8.00, 8.00, 0.00, 'DORITOS NACHOS 61GR', NULL, 0, NULL),
	(57, 1033, 1878, 2.00, 2.00, 0.00, 'SABRITAS CHICHARRON DE CERDO 30GR', NULL, 0, NULL),
	(58, 1033, 1528, 3.00, 3.00, 0.00, 'DORITOS PIZZEROLA 61GR', NULL, 0, NULL),
	(59, 1033, 1498, 2.00, 2.00, 0.00, 'DORITOS NACHOS 146GR', NULL, 0, NULL),
	(60, 1033, 1548, 2.00, 2.00, 0.00, 'KACANG SAL Y LIMÓN 69GR', NULL, 0, NULL),
	(61, 1033, 1551, 3.00, 3.00, 0.00, 'KACANG CHILE Y LIMÓN 69GR', NULL, 0, NULL),
	(62, 1033, 1599, 5.00, 5.00, 0.00, 'KACANG JAPONES 71GR', NULL, 0, NULL),
	(63, 1033, 1871, 2.00, 2.00, 0.00, 'PAKETAXO BOTANERO 70GR', NULL, 0, NULL),
	(64, 1033, 1496, 2.00, 2.00, 0.00, 'SABRITAS ORIGINAL 171GR', NULL, 0, NULL),
	(65, 1033, 561, 3.00, 3.00, 0.00, 'CHEETOS TORCIDITOS 145GR', NULL, 0, NULL),
	(66, 922, 964, 5.00, 5.00, 0.00, 'LIMÓN SIN SEMILLA', NULL, 0, NULL),
	(67, 922, 0, 1.00, 1.00, 0.00, '', NULL, 0, NULL),
	(68, 922, 1837, 3.00, 3.00, 0.00, 'DOMO DE FRESA', NULL, 0, NULL),
	(69, 922, 156, 2.00, 2.00, 0.00, 'DOMO BLUEBERRY', NULL, 0, NULL),
	(70, 922, 251, 4.00, 4.00, 0.00, 'PAPAYA MARADOL', NULL, 0, NULL),
	(71, 922, 0, 1.00, 1.00, 0.00, '', NULL, 0, NULL),
	(72, 922, 376, 19.00, 19.00, 0.00, 'PLÁTANO TABASCO', NULL, 0, NULL),
	(73, 922, 0, 1.00, 1.00, 0.00, '', NULL, 0, NULL),
	(74, 922, 244, 3.00, 3.00, 0.00, 'MELÓN CHINO', NULL, 0, NULL),
	(75, 922, 0, 1.00, 1.00, 0.00, '', NULL, 0, NULL),
	(76, 922, 264, 2.00, 2.00, 0.00, 'PIÑA GOTA MIEL', NULL, 0, NULL),
	(77, 922, 0, 1.00, 1.00, 0.00, '', NULL, 0, NULL),
	(78, 922, 194, 6.60, 6.60, 0.00, 'MANOJO CILANTRO 150GR', NULL, 0, NULL),
	(79, 922, 0, 1.00, 1.00, 0.00, '', NULL, 0, NULL),
	(80, 922, 257, 6.60, 6.60, 0.00, 'MANOJO PEREJIL LISO 150GR', NULL, 0, NULL),
	(81, 922, 0, 1.00, 1.00, 0.00, '', NULL, 0, NULL),
	(82, 922, 228, 3.00, 3.00, 0.00, 'LECHUGA ROMANA', NULL, 0, NULL),
	(83, 922, 0, 1.00, 1.00, 0.00, '', NULL, 0, NULL),
	(84, 922, 384, 2.00, 2.00, 0.00, 'LECHUGA OREJONA', NULL, 0, NULL),
	(85, 922, 0, 1.00, 1.00, 0.00, '', NULL, 0, NULL),
	(86, 922, 273, 3.00, 3.00, 0.00, 'SANDÍA BLANCA RAYADA', NULL, 0, NULL),
	(87, 922, 0, 1.00, 1.00, 0.00, '', NULL, 0, NULL),
	(88, 922, 288, 4.00, 4.00, 0.00, 'SANDÍA PERSONAL', NULL, 0, NULL),
	(89, 922, 0, 1.00, 1.00, 0.00, '', NULL, 0, NULL),
	(90, 532, 1819, 20.00, 20.00, 0.00, 'BUBBALOO XTREME PI-K FUEGO 20.5 G', NULL, 0, NULL),
	(91, 532, 1809, 24.00, 24.00, 0.00, 'SKWINKLES SALSAGHETI 24G', NULL, 0, NULL),
	(92, 532, 1823, 20.00, 20.00, 0.00, 'KINDER DELICE 39G', NULL, 0, NULL),
	(93, 532, 1828, 12.00, 12.00, 0.00, 'SNICKERS 48G', NULL, 0, NULL),
	(94, 532, 1829, 12.00, 12.00, 0.00, 'MILKY WAY 48G', NULL, 0, NULL),
	(95, 532, 1820, 20.00, 20.00, 0.00, 'BUBBALOO XTREME FRESA 16.60', NULL, 0, NULL),
	(96, 532, 1824, 20.00, 20.00, 0.00, 'KINDER CHOCOLATE BARRA 21G', NULL, 0, NULL),
	(97, 532, 1818, 12.00, 12.00, 0.00, 'DEDOS 20G', NULL, 0, NULL),
	(98, 532, 1816, 12.00, 12.00, 0.00, 'PALETA PAYASO 45G', NULL, 0, NULL),
	(99, 532, 1821, 18.00, 18.00, 0.00, 'ROCKALETA 24G', NULL, 0, NULL),
	(100, 532, 1800, 24.00, 24.00, 0.00, 'TRIDENT XTRA CARE FRESH MINT 12 PZAS 16,32G', NULL, 0, NULL),
	(101, 532, 1817, 26.00, 26.00, 0.00, 'MINI MAMUT 12G', NULL, 0, NULL),
	(102, 532, 1803, 20.00, 20.00, 0.00, 'LUCAS PANZÓN SANDÍA 38G', NULL, 0, NULL),
	(103, 532, 1801, 10.00, 10.00, 0.00, 'TRIDENT TWIST FRESA Y LIMÓN 7PZAS 13,3G', NULL, 0, NULL),
	(104, 532, 1804, 10.00, 10.00, 0.00, 'LUCAS GUSANO CHAMOY 36G', NULL, 0, NULL),
	(105, 532, 1808, 6.00, 6.00, 0.00, 'SKWINKLOTE PIÑA 40G', NULL, 0, NULL),
	(106, 532, 1815, 14.00, 14.00, 0.00, 'MINI PALETA PAYASO 25G', NULL, 0, NULL),
	(107, 532, 1822, 12.00, 12.00, 0.00, 'PELON-PELO RICO TAMARINDO 30G', NULL, 0, NULL),
	(108, 532, 1806, 10.00, 10.00, 0.00, 'LUCAS MUECAS MANGO 24G', NULL, 0, NULL),
	(109, 532, 1826, 16.00, 16.00, 0.00, 'CARLOS V ORIGINAL 18G', NULL, 0, NULL),
	(110, 532, 1827, 2.00, 2.00, 0.00, 'CARLOS V CERO 18G', NULL, 0, NULL),
	(111, 532, 1830, 2.00, 2.00, 0.00, 'CRAYÓN UVA 28G', NULL, 0, NULL),
	(112, 532, 1831, 3.00, 3.00, 0.00, 'CRAYÓN FRESA 28G', NULL, 0, NULL),
	(113, 532, 1832, 3.00, 3.00, 0.00, 'CRAYÓN MANGO 28G', NULL, 0, NULL),
	(114, 532, 1833, 2.00, 2.00, 0.00, 'CRAYÓN MANZANA VERDE 28G', NULL, 0, NULL),
	(115, 532, 1793, 5.00, 5.00, 0.00, 'TRIDENT SANDÍA 18´S 30,6G', NULL, 0, NULL),
	(116, 532, 1794, 5.00, 5.00, 0.00, 'TRIDENT MENTA 18´S 30,6G', NULL, 0, NULL),
	(117, 532, 1795, 4.00, 4.00, 0.00, 'TRIDENT COOL BUBBLE 18´S 30,6G', NULL, 0, NULL),
	(118, 532, 1796, 5.00, 5.00, 0.00, 'TRIDENT FRESA 18´S 30,6G', NULL, 0, NULL),
	(119, 532, 1797, 2.00, 2.00, 0.00, 'TRIDENT FRESHMINT 18´S 30,6', NULL, 0, NULL),
	(120, 532, 1798, 2.00, 2.00, 0.00, 'TRIDENT FRUIT MIX 18´S 30,6', NULL, 0, NULL),
	(121, 532, 1799, 1.00, 1.00, 0.00, 'TRIDENT YERBABUENA 18´S 30,8', NULL, 0, NULL),
	(122, 532, 1802, 24.00, 24.00, 0.00, 'BUBULUBU GRANDE 35G', NULL, 0, NULL),
	(123, 532, 1807, 10.00, 10.00, 0.00, 'LUCAS POLVOS MANGO 20G', NULL, 0, NULL),
	(124, 532, 1805, 10.00, 10.00, 0.00, 'LUCAS MUECAS CEREZA 24G', NULL, 0, NULL),
	(125, 532, 1825, 8.00, 8.00, 0.00, 'VASITO TAMARINDO Y GUAYABA 150G', NULL, 0, NULL),
	(126, 532, 1811, 6.00, 6.00, 0.00, 'HALLS MIEL Y LIMÓN 9PZAS 25,2G', NULL, 0, NULL),
	(127, 532, 1812, 12.00, 12.00, 0.00, 'HALLS MORA AZUL 9PZAS 25,2G', NULL, 0, NULL),
	(128, 532, 1814, 6.00, 6.00, 0.00, 'HALLS COLORS 9PZAS 25,2G', NULL, 0, NULL),
	(129, 532, 1810, 6.00, 6.00, 0.00, 'HALLS YERBABUENA 9PZAS 25,2G', NULL, 0, NULL),
	(130, 532, 1813, 6.00, 6.00, 0.00, 'HALLS CEREZA 9PZAS 25,2G', NULL, 0, NULL),
	(131, 532, 0, 1.00, 1.00, 0.00, '', NULL, 0, NULL),
	(132, 532, 0, 2.00, 2.00, 0.00, '', NULL, 0, NULL),
	(133, 1007, 2110, 6.90, 6.90, 0.00, 'ARRACHERA PREMIUM', 'evidencia_133', 0, 'hola comentario'),
	(134, 1007, 2074, 6.00, 6.00, 0.00, 'CHULETA AHUMADA AL ALTO VACÍO', 'evidencia_134', 0, 'Hola de nuevo'),
	(135, 1007, 2111, 7.00, 7.00, 0.00, 'HAMBURGUESAS PREMIUM 125GR 4PZ', 'evidencia_135', 0, 'comentario'),
	(136, 1007, 2062, 6.00, 6.00, 0.00, 'CARNE MOLIDA DE PULPA DE RES AL ALTO VACÍO', 'evidencia_136', 0, 'what'),
	(137, 993, 222, 3.00, 3.00, 0.00, 'JÍCAMA', NULL, 0, NULL),
	(138, 993, 251, 3.00, 3.00, 0.00, 'PAPAYA MARADOL', NULL, 0, NULL),
	(139, 993, 264, 2.00, 2.00, 0.00, 'PIÑA GOTA MIEL', NULL, 0, NULL),
	(140, 993, 967, 10.00, 10.00, 0.00, 'CEBOLLA BLANCA', NULL, 0, NULL),
	(141, 993, 150, 1.00, 1.00, 0.00, 'AJO', NULL, 0, NULL),
	(142, 993, 228, 3.00, 3.00, 0.00, 'LECHUGA ROMANA', NULL, 0, NULL),
	(143, 993, 384, 3.00, 3.00, 0.00, 'LECHUGA OREJONA', NULL, 0, NULL),
	(144, 993, 964, 7.00, 7.00, 0.00, 'LIMÓN SIN SEMILLA', NULL, 0, NULL),
	(145, 993, 194, 6.00, 6.00, 0.00, 'MANOJO CILANTRO 150GR', NULL, 0, NULL),
	(146, 993, 163, 12.00, 12.00, 0.00, 'MANOJO CEBOLLA CAMBRAY 250GR', NULL, 0, NULL),
	(147, 993, 280, 6.00, 6.00, 0.00, 'TORONJA', NULL, 0, NULL),
	(148, 993, 245, 6.00, 6.00, 0.00, 'NARANJA', NULL, 0, NULL),
	(149, 993, 233, 4.00, 4.00, 0.00, 'MANDARINA', NULL, 0, NULL),
	(150, 14, 277, 4000.00, 4000.00, 0.00, 'JITOMATE SALADET &nbsp;', NULL, 0, NULL);

-- Dumping structure for table cotizador.proveedores
CREATE TABLE IF NOT EXISTS `proveedores` (
  `id` int(11) NOT NULL AUTO_INCREMENT,
  `nombre` varchar(100) DEFAULT NULL,
  `alias` varchar(100) DEFAULT NULL,
  `cliente` tinyint(4) DEFAULT NULL,
  `codigo` varchar(100) DEFAULT NULL,
  PRIMARY KEY (`id`)
) ENGINE=InnoDB AUTO_INCREMENT=287 DEFAULT CHARSET=utf8mb4;

-- Dumping data for table cotizador.proveedores: ~232 rows (approximately)
INSERT INTO `proveedores` (`id`, `nombre`, `alias`, `cliente`, `codigo`) VALUES
	(28, 'Aguacates Mayolo Selectos SA de CV ', 'MAYOLO', 0, 'CU2010-00001'),
	(29, 'ELEAZAR CRISPIN BERNAL', 'Selene', 0, 'CU2010-00002'),
	(30, 'Martin Romero Bello', 'ANA', 0, 'CU2010-00003'),
	(31, 'AARON EVERARDO SANCHEZ MARISCAL', 'Frutymar', 0, 'CU2010-00004'),
	(32, 'IC DE PRODUCTOS DEL CAMPO SA DE CV', '', 0, 'CU2010-00005'),
	(33, 'DAVID GARCIA CALDERON', 'Garcitricos Lemons', 0, 'CU2010-00006'),
	(34, 'JOAQUIN VAZQUEZ ZAVALETA', 'JOAQUIN', 0, 'CU2010-00007'),
	(35, 'FRIGOLAND COMERCIAL SA DE CV', '', 0, 'CU2010-00008'),
	(36, 'MIGUEL ANGEL YAÑEZ GIL', 'Distrubuidora de papa ', 0, 'CU2010-00009'),
	(37, 'JUAN CARLOS ARIAS ORIHUELA', 'ARIAS', 0, 'CU2010-00010'),
	(38, 'SALVADOR DIAZ LOERA', 'Javier', 0, 'CU2010-00011'),
	(39, 'MARIANA MONTOYA ROBLES', 'Agricola San Lorenzo', 0, 'CU2010-00012'),
	(40, 'JUAN CARLOS MATEO ESCALONA', 'MARTIN', 0, 'CU2010-00013'),
	(41, 'ROBERTO SANCHEZ MOLINA', '', 0, 'CU2010-00014'),
	(42, 'SAUL GARCIA MANRIQUEZ', 'SAUL', 0, 'CU2010-00015'),
	(43, 'JUAN DANIEL HERNANDEZ ALCANTARA', '', 0, 'CU2010-00016'),
	(44, 'MANUEL LOERA LOERA', 'LOERA', 0, 'CU2010-00017'),
	(45, 'DISTRIBUIDORA AGRICOLA QUINTANILLA S.A. DE C.V.', 'QUINTANILLA', 0, 'CU2010-00018'),
	(46, 'JOSE LUIS ACOSTA ACOSTA', 'ACOSTA', 0, 'CU2010-00019'),
	(47, 'DAVID ANDRES AYALA CASTAÑEDA', 'PREMIUM FRUIT', 0, 'CU2010-00020'),
	(48, 'VDIBLIK YAEL FLORES VALENCIA', 'VALENCIA', 0, 'CU2010-00021'),
	(49, 'JUAN JOSE ROJANO LOPEZ ', 'AGUACATE URUAPAN', 0, 'CU2010-00022'),
	(50, 'PAPA MOCHIS', 'PAPA MOCHIS', 0, 'CU2010-00023'),
	(51, 'COMERCIALIZADORA LOERA', 'COMERCIALIZADORA LOERA', 0, 'CU2010-00024'),
	(52, 'MARIA DEL ROCIO SANCHEZ RAMIREZ', 'VAQUERO', 0, 'CU2010-00025'),
	(53, 'MARIA CRISTINA GUZMAN SEGUNDO', 'VEGETALES SELECTOS', 0, 'CU2010-00026'),
	(54, 'JUAN MANUEL LEDEZMA MONTIEL', 'JUAN', 0, 'CU2010-00027'),
	(55, 'QBA TRUCKING S.A. DE C.V.', '', 0, ''),
	(57, 'LOERA', 'SANDIA QUERÉTARO', 0, ''),
	(58, 'JOSÉ BASILISIO SOTO AGUILAR', 'BASI', 0, ''),
	(60, 'DAVID CERON', 'DAVID CERON', 1, 'CU2101-00030'),
	(61, 'FRUTIMEX DEL CENTRO DE VERACRUZ', 'FRUTIMEX', 1, 'CU2101-00031'),
	(63, 'MOISES RIVERA', '', 0, ''),
	(66, 'RENTA DEPTOS', '', 0, ''),
	(67, 'MAURICIO BADILLO MORALES', 'HORACIO', 0, ''),
	(68, 'FERNANDO CENTRAL QUERETARO', 'FERNANDO', 1, 'CU2101-00035'),
	(72, 'CENTRAL QUERETARO', '', 0, ''),
	(73, 'GASTOS BODEGA', '', 0, ''),
	(74, 'SALVADOR JUAREZ', 'CHAVA', 0, ''),
	(75, 'JUAN CARLOS PINEDA', '', 0, ''),
	(77, 'CFE', '', 0, ''),
	(80, 'MONICA DELGADO', '', 0, ''),
	(81, 'GRUPO CHAOL TRANSPORTES', 'TRANSPORTES CHAOL', 0, ''),
	(82, 'EDGAR ARTURO URIARTE DE LA VEGA', 'EDGAR ARTURO', 0, ''),
	(83, 'GASOLINA', 'GASOLINA', 0, ''),
	(84, 'CAMIONETA RANGER PLACAS N58BDW', 'FORD RANGER 2010', 0, ''),
	(85, 'VIÁTICOS', 'GASTOS VIAJES', 0, ''),
	(86, 'OPERADORA QUERÉTARO', 'SERVICIO AGUA', 0, ''),
	(87, 'ALVEAR FRUIT', 'ALVEAR FRUIT', 0, ''),
	(89, 'TELMEX', 'SERVICIO INTERNET-TELÉFONO', 0, ''),
	(90, 'NÓMINA', 'NÓMINA RODMAC', 0, ''),
	(91, 'JOHANA RUELAS JUÁREZ', 'JOHANA RUELAS', 0, ''),
	(92, 'JOSE LUIS DE LA TORRE BUCIO', 'JOSE LUIS DE LA TORRE', 0, ''),
	(93, 'MIGUEL ANGEL MARTINEZ ROSALES', 'MIGUEL MARTINEZ', 0, ''),
	(94, 'GRUPO ALUMIEVA SA DE CV', 'GRUPO ALUMIEVA', 0, ''),
	(95, 'ABRAHAM MONTES HERNANDEZ', 'CAMARA REFRIGERANTE', 0, ''),
	(96, 'GASTOS OFICINAS', 'RODMAC OFICINAS', 0, ''),
	(97, 'DUKI MOBILIARIO', 'MOBILIARIO', 0, ''),
	(98, 'ROBERTO MONTIEL PEREZ', 'FUMIGACIÓN', 0, ''),
	(99, 'RENTA DE BODEGA', '', 3, 'CU2108-00056'),
	(100, 'JORGE ARMANDO BELLO PEREZ', 'COPER', 0, ''),
	(102, 'CAJA CHICA', 'CAJA CHICA JOHANA', 0, ''),
	(103, 'ARTURO MUÑOZ AGUILAR', 'PLOMERIA', 0, ''),
	(105, 'TARJETA JEEVES', 'JEEVES', 0, ''),
	(106, 'TARJETA AMEX', 'AMEX', 0, ''),
	(107, 'ALFREDO MORALES GUEVARA', 'ALFREDO M.', 0, ''),
	(109, 'SYLVIA JANETH GONZÁLEZ GARZA', 'SYLVIA', 0, ''),
	(110, 'CENTRAL CDMX', 'CDMX', 0, ''),
	(111, 'GUADALUPE ALEJANDRO OLGUIN V', 'ALEJANDRO OLGUIN', 0, ''),
	(112, 'TRANSPORTADORA MERZI SA DE CV', 'TRANSPORTADORA VERACRUZ', 0, ''),
	(113, 'ALBERTO ASSAM ORTEGA', 'ALBERTO ORTEGA', 0, ''),
	(114, 'RAVASA DESING SA DE CV', 'RAVASA', 0, ''),
	(115, 'IMPUESTOS SAT', 'SAT', 0, ''),
	(116, 'IMPUESTOS NÓMINA', 'NÓMINA', 0, ''),
	(117, 'COMISIONES BANCARIAS', 'COMISIONES IVA', 0, ''),
	(118, 'AYR SERVICIOS EMPRESARIALES SA DE CV', 'AYR', 0, ''),
	(119, 'PRODUCTORES E INSUMOS DEL CAMPO', 'MAIZUCA', 0, ''),
	(120, 'IMPORT AND MANUFACTURING GIANT FOREST', 'GIANT FOREST', 0, ''),
	(121, 'PRODUCTORA EXPRESS S DE PR DE RL', 'RANCHO VALLE VERDE', 0, ''),
	(122, 'SANTIAGO PEÑALOZA PEREZ', 'SANTIAGO', 3, 'CU2108-00057'),
	(123, 'SERVICIOS FOCUS WM', 'FOCUS WM', 0, ''),
	(124, 'PROYECTO TONATICO SUELDOS', 'JITOMATE', 0, ''),
	(126, 'AIGEL BUSINESS SOLUTIONS SA DE CV', 'AIGEL SOLUTIONS', 0, ''),
	(127, 'ROBERTO OLVERA COTOÑIETO', 'RACKS', 0, ''),
	(128, 'ELIAS MAQUEDA', 'BODEGA 45A', 1, 'CU2105-00044'),
	(129, 'CARLOS ALBERTO CORTES FORTIZ', 'ABOGADOS', 0, ''),
	(130, 'RODRIGO MURILLO BARRO', 'REEMBOLSOS RODRIGO', 0, ''),
	(131, 'PROYECTO GUADALAJARA', 'LIMÓN GDL', 0, ''),
	(132, 'DUKI EQUIPO DE TRANSPORTE', 'GASTOS CAMIONETA', 0, ''),
	(133, 'PROYECTO TONATICO FLETES', 'JITOMATE', 0, ''),
	(135, 'PROYECTO TONATICO MOBILIARIO', 'JITOMATE', 0, ''),
	(136, 'DANIEL FLORENTINO SALINAS MORENO', '', 0, ''),
	(137, 'SNOWBALL', 'SNOWBALL', 1, 'CU2105-00046'),
	(138, 'PROYECTO TONATICO GASOLINA', 'GASOLINA', 0, ''),
	(139, 'PROYECTO TONATICO CASETAS', 'JITOMATE', 0, ''),
	(140, 'DIVIDENDOS', 'SNOWBALL', 0, ''),
	(141, 'EMAX SERVICIOS SC', 'CONSULTORIAS', 0, ''),
	(142, 'PROYECTO VERACRUZ MOBILIARIO', 'MOBILIARIO', 0, ''),
	(143, 'DUKI UNIFORMES', 'UNIFORMES', 0, ''),
	(144, 'ISRAEL MORALES SANTAMARINA', 'VERACRUZ', 3, 'CU2106-00047'),
	(145, 'DUKI BRANDING', 'BRANDING', 0, ''),
	(146, 'DUKI PUBLICIDAD', 'PUBLICIDAD', 0, ''),
	(147, 'DUKI PÁGINA', 'PÁGINA', 0, ''),
	(148, 'TONATICO COMIDAS DE NEGOCIOS', 'JITOMATE', 0, ''),
	(149, 'CENTRAL ABASTECEDORA DAC', 'DAC', 1, 'CU2106-00048'),
	(150, 'URBAN DRINKS MEXICO SAPI DE CV', 'URBAN DRINKS', 0, ''),
	(151, 'PS HERTECHA S DE RL DE CV', 'SERVICIO PATIN', 0, ''),
	(152, 'CAPACITACIONES', 'CAPACITACIONES', 0, ''),
	(153, 'PRODUCE PAY, INC.', 'PRODUCE PAY', 1, 'CU2106-00049'),
	(154, 'INSTEON DISTRIBUTIONS SA DE CV', 'INSTEON', 0, ''),
	(155, 'CORPORATIVO RAYON SA DE CV', 'RAYON', 0, ''),
	(156, 'VARIOS SERVICIOS', 'RAPPI, UBER, CORREOS, ETC.', 0, ''),
	(157, 'DUKI COMIDAS DE NEGOCIOS', 'COMIDAS DE NEGOCIOS', 0, ''),
	(158, 'DUKI EQUIPO Y SERVICIOS COMPUTACIONALES', 'EQ Y SERV COMPUTACIONALES', 0, ''),
	(159, 'TRANSPORTE GDL', 'GASOLINA, CASETAS, IAVE.', 0, ''),
	(160, 'MCALLEN COMIDAS DE NEGOCIOS', 'COMIDAS DE NEGOCIOS', 0, ''),
	(161, 'METUS COMIDAS DE NEGOCIOS', 'COMIDAS DE NEGOCIOS', 0, ''),
	(162, 'METUS EQUIPO DE TRANSPORTE', 'EQUIPO DE TRANSPORTE', 0, ''),
	(163, 'METUS TRANSPORTE', 'GASOLINA, CASETAS, IAVE, ETC.', 0, ''),
	(164, 'COMUNICACIONES', 'RECARGAS', 0, ''),
	(165, 'DUKI EMPAQUES', 'BOLSAS, CAJAS, ETC.', 0, ''),
	(166, 'SERVICIO DE PAQUETERIA', 'ENVIOS', 0, ''),
	(167, 'DULCE SAGRARIO CHAPARRO GUZMAN', 'DULCE CHAPARRO', 0, ''),
	(168, 'EMILIANO CHAPARRO GUZMAN', 'EMILIANO CHAPARRO', 0, ''),
	(169, 'SEBASTIAN HERNANDEZ LAINES', 'SEBASTIAN HERNANDEZ', 0, ''),
	(170, 'MONICA SOFIA CASTAÑEDA GARZA', 'MONICA CASTAÑEDA', 0, ''),
	(171, 'EDGAR SOSA COLIN', 'EDGAR SOSA', 0, ''),
	(172, 'ALEJANDRO ALVARADO MORALES', 'ALEJANDRO VERACRUZ', 0, ''),
	(173, 'BERNARDO RUIZ CRUZ', 'BERNARDO VERACRUZ', 0, ''),
	(174, 'TERMINAL DE PAGO CLIP', 'CLIP', 2, 'CU2107-00050'),
	(175, 'AM BRIJE SA DE CV', 'MEZCAL BRIJE', 0, ''),
	(176, 'CERVEZAS CUAUHTEMOC MOCTEZUMA SA DE CV', 'HEINEKEN', 0, ''),
	(177, 'AC LIMON', 'PRODUCTO', 0, 'CU2107-00051'),
	(178, 'AC LIMON FLETE', 'FLETE', 2, 'CU2107-00052'),
	(179, 'DANIEL VAZQUEZ CRUZ', 'CAFÉ', 0, ''),
	(181, 'MARIANA MORAN TREJO', 'MORANTA', 0, ''),
	(182, 'DIANA CRUZ CASTILLA', 'TIERRA MOJADA', 0, ''),
	(183, 'ROCIO DEL CARMEN DOMINGEZ VAZQUEZ', 'DISTRIBUIDORA SUMIXANAT', 0, ''),
	(184, 'WUERA PRODUCE PRODUCTO', 'LIMÓN', 3, 'CU2107-00053'),
	(185, 'WUERA PRODUCE VIÁTICOS', 'VIÁTICOS LIMÓN', 3, 'CU2107-00054'),
	(186, 'WUERA PRODUCE SUELDOS', 'SUELOS LIMÓN', 0, ''),
	(188, 'FERNANDA GARCIA RUIZ', 'CASAL GARCIA', 0, ''),
	(189, 'HENSA DISTRIBUCIONES S.A DE C.V.', 'SABORMEX', 0, ''),
	(190, 'WUERA PRODUCE FLETE', 'FLETE LIMÓN', 0, ''),
	(191, 'JORGE ALBERTO AVALOS WALDO', 'GENCO EXTINTORES', 0, ''),
	(192, 'FRASER S.A. DE C.V.', 'EXHIBIDORES DE ACRILICOS', 0, ''),
	(193, 'DUKI PRODUCTOS', 'PRODUCTOS PRUEBA', 0, ''),
	(194, 'AC LIMÓN VIÁTICOS', 'VIÁTICOS', 0, ''),
	(195, 'WUERA PRODUCE SEGUROS', 'SEGUROS', 0, ''),
	(196, 'SUSANA ELVIRA MONTES DE OCA HUMMEL', 'EL ESPECIERO', 0, ''),
	(197, 'LIZETTE LÓPEZ MORALES', 'LILO', 0, ''),
	(198, 'JOSÉ ANTONIO ANAYA NIÑO', 'JOSÉ ANAYA', 0, ''),
	(199, 'EBOOKS', 'FUNNELS, FIVERR', 0, ''),
	(200, 'MPH', 'MPH', 1, 'CU2108-00058'),
	(201, 'ADMINISTRACION DE MEDICAMENTOS Y ALIMENTOS', 'FDA', 0, ''),
	(202, 'COMERCIALIZADORA DE ALIMENTOS QUERETARO', 'LA QUINTA', 0, ''),
	(203, 'San Gabriel Valley Hispanic Chamber\'s of Commerce CA', '', 2, 'CU2108-00059'),
	(204, 'DECLARACIONES DUKI', 'DECLARACIONES SAT', 0, ''),
	(205, 'FABIOLA ASCENCIÓN ARRIAGA PERÉZ', 'MAZ CHILE', 0, 'CU2109-00065'),
	(206, 'PRODUTEC DE QUERETARO SA DE CV', 'PRODUTEC', 0, ''),
	(207, 'ALFA ALAIN ROJAS RENDON', 'ALFA ALAIN ROJAS RENDON', 0, ''),
	(208, 'GR AUDITORIA Y ASESORIA EMPRESARIAL', 'AUDITORIA', 0, ''),
	(209, 'ARTIC ASESORES CONTABLES Y LEGALES S.A.S', 'ABOGADO CARLOS', 0, ''),
	(210, 'BASICOS EN ALIMENTOS S.A DE C.V.', 'BASICOS ABARROTES', 0, ''),
	(211, 'DELFINO CEDA', 'CDMX', 1, 'CU2108-00060'),
	(212, 'AC LIMÓN RENTA', 'CENTRO DE ACOPIO', 0, ''),
	(213, 'AC LIMÓN MOBILIARIO', 'MOBILIARIO', 0, ''),
	(214, 'GRUPO BIMBO, S.A.B. DE C.V.', 'BIMBO', 0, ''),
	(215, 'COMERCIALIZADORA DE LACTEOS Y DERIVADOS S.A. DE C.V.', 'GRUPO LALA', 0, ''),
	(216, 'COMERCIALIZADORA PEPSICO MEXICO S. DE R.L. DE C.V.', 'SABRITAS', 0, ''),
	(217, 'FEMSA, S.A.B. de C.V.', 'COCA COLA', 0, ''),
	(218, 'OAXACA ALBERTO ASSAM', 'OAXACA', 0, ''),
	(219, 'L V KAAPHE SAS DE CV', 'MAASI CAFÉ', 0, ''),
	(220, 'LIGIA GRACIELA HERNANDEZ MARTINEZ', 'DON JOAQUIN MX', 0, ''),
	(221, 'CARLOS ANDRÉS MARTÍNEZ MEDINA', 'GRANOLA DE LA COCINA ARTESANAL', 0, ''),
	(222, 'COMERCIALIZADORA PEPSICO MEXICO S. DE R.L. DE C.V.', 'GAMESA', 0, ''),
	(223, 'JOSÉ ANTONIO ORDÓÑEZ OCAMPO', 'NOTARIO CONSTITUCIÓN EMPRESAS', 0, ''),
	(224, 'VERACRUZ RENTA BODEGA', 'CENTRO DE ACOPIO', 0, ''),
	(225, 'PALACIO DEL DULCE', 'PALACIO DEL DULCE', 0, ''),
	(226, 'KONFIO', 'FACTORAJE CONFIO', 0, ''),
	(227, 'VENTAS JITOMATE CENTRAL CDMX', 'CENTRAL CDMX', 3, 'CU2109-00061'),
	(228, 'MPH COMIDAS DE NEGOCIOS', 'COMIDAS', 0, ''),
	(229, 'MPH PLATAFORMA', 'SIMPLIROUTE, TRACTOSOFT', 0, ''),
	(230, 'MPH VIÁTICOS', 'VIÁTICOS', 0, ''),
	(231, 'VERACRUZ VIÁTICOS', 'VIÁTICOS', 0, ''),
	(232, 'IVAN DE JESUS TRINIDAD COLON', 'COMERC COLON FURTAS Y VERDURAS', 0, ''),
	(233, 'CLIENTES DUKI.MX', 'VENTAS DUKI', 1, 'CU2109-00062'),
	(234, 'CÁMARA DE COMERCIO CALIFORNIA', 'PRODUCTO', 1, 'CU2109-00063'),
	(235, 'CÁMARA DE COMERCIO DE CALIFORNIA', 'SEGURO', 1, 'CU2109-00064'),
	(236, 'CÁMARA COMERCIO CALIFRONIA ADUANA', 'PAGOS LOGISTICA ADUANAL', 0, ''),
	(238, 'ZAIDA CUELLAR VILLEGAS', 'MURIPLEIN', 0, ''),
	(239, 'MPH NÓMINA', 'SUELDOS Y PRÉSTAMOS', 0, ''),
	(240, 'MPH LEGAL', '', 0, ''),
	(241, 'AC LIMÓN LEGAL', '', 0, ''),
	(242, 'COMISIÓN FEDERAL DE ELECTRICIDAD (CFE)', '', 0, ''),
	(243, 'CÁMARA DE COMERCIO CALIFORNIA', 'VIÁTICOS', 1, 'CU2110-00067'),
	(244, 'METUS EQ. COMUNICACIONES', 'COMUNICACIONES METUS', 0, ''),
	(245, 'TANER ORGANIZADORA DE ESPACIOS S.A. DE C.V.', 'TANER', 0, ''),
	(247, 'MPH RENTA DE TRACTOS', 'TRACTOS, CAMIONETAS, CAJAS ETC.', 0, ''),
	(248, 'MPH NÓMINAS', 'NÓMINAS', 0, ''),
	(249, 'CÁMARA DE COMERCIO CALIFORNIA FLETE', 'FLETE', 0, ''),
	(250, 'BENITO IVAN GUERRA SILLA', 'NOTARIO', 0, ''),
	(251, 'ADSE ADMINISTRADORA DE PROYECTOS Y SERVICIOS EMPRESARIALES, SC', 'NÓMINAS', 0, ''),
	(252, 'DUKI NÓMINAS', 'NÓMINAS', 0, ''),
	(253, 'NÓMINAS RODMAC', 'NÓMINAS', 0, ''),
	(254, 'MPH MOBILIARIO', 'MOBILIARIO', 0, ''),
	(255, 'MPH RENTA DE BODEGA', 'RENTA DE BODEGA CUERNAVACA', 0, ''),
	(256, 'CORPORATIVO 221 S.C.', 'NOTARIA', 0, ''),
	(257, 'MPH EQUIPO Y SERVICIOS COMPUTACIONALES', 'EQUIPO Y SERVICIOS COMPUTACIONALES', 0, ''),
	(258, 'MPH DIESEL Y CASETAS', 'DIESEL Y CASETAS', 0, ''),
	(259, 'MPH UNIFORMES', 'UNIFORMES', 0, ''),
	(260, 'MPH CAJA CHICA', 'MPH CAJA CHICA', 0, ''),
	(261, 'MPH COMISIONES POR VIAJES', 'VIAJES, ESTADÍAS, EXTRAS ETC.', 0, ''),
	(262, 'MPH EQUIPO DE TRANSPORTE', 'REFACCIONES, SERVICIOS, LLANTAS ETC..', 0, ''),
	(263, 'MPH TOKA INTERNACIONAL', 'COMBUSTIBLE', 0, ''),
	(264, 'MPH TELEVÍA', 'TAGS CASETAS', 0, ''),
	(266, 'MPH GPS PROMETHEUS', 'GPS', 0, ''),
	(269, 'SIGMA ALIMENTOS COMERCIAL SA DE CV', 'SIGMA', 0, ''),
	(270, 'CENTRAL ABASTOS QUERÉTARO', '', 0, ''),
	(271, 'RODMAC UNIFORMES', 'GORRAS, PLAYERAS, ETC.', 0, ''),
	(272, 'MARCOS MONTES ESCUTIA', 'MILPILLAS´MEAT DISTRIBUIDORA DE CARNE', 0, ''),
	(273, 'TARJETA CLARA', 'CLARA', 0, ''),
	(274, 'MPH LOCAL', 'MPH', 1, 'CU2112-00072'),
	(277, 'LUCIO DANIEL ARREOLA TRUJILLO', 'SAN BENITO DISTRIBUIDORA', 0, ''),
	(278, 'DURAKELO S.A. DE C.V.', 'KELLOGG´S', 0, ''),
	(280, 'MPH SERVICIOS', '', 0, ''),
	(281, 'A&H CREATIONS SAPI DE CV', 'I AMARANTH', 0, ''),
	(282, 'MODESTO CAMPOS TREJO', 'SUPERFOODS MEXICO', 0, ''),
	(283, 'REDMARKMARKET S.A de C.V', 'Guisos Hoja Santa', 0, ''),
	(284, 'CAMIONETA METUS GROUP', 'CAMIONETA MG', 0, ''),
	(285, 'RODMAC MOBILIARIO', 'MOBILIARIO, EQUIPO UTILITARIO', 0, ''),
	(286, 'RODMAC CEDI MÉXICO', 'METUS GROUP SA DE CV', 0, '');

-- Dumping structure for table cotizador.usuarios
CREATE TABLE IF NOT EXISTS `usuarios` (
  `id_usuario` int(11) NOT NULL AUTO_INCREMENT,
  `usuario` varchar(255) NOT NULL,
  `correo` varchar(255) NOT NULL,
  `contrasenia` varchar(255) NOT NULL,
  `nombre` varchar(255) DEFAULT NULL,
  `apellido_paterno` varchar(255) DEFAULT NULL,
  `apellido_materno` varchar(255) DEFAULT NULL,
  `telefono` varchar(255) DEFAULT NULL,
  `nivel` varchar(50) DEFAULT 'Administrador',
  `fecha_registro` datetime DEFAULT current_timestamp(),
  `token` varchar(255) DEFAULT NULL,
  `vigencia_token` datetime DEFAULT NULL,
  `id_dolibarr` int(11) DEFAULT NULL,
  `link_dashboard` tinyint(4) DEFAULT 0,
  `link_usuarios` tinyint(4) DEFAULT 0,
  `link_proveedores` tinyint(4) DEFAULT 0,
  `link_configuracion` tinyint(4) DEFAULT 0,
  `link_cuentas` tinyint(4) DEFAULT 0,
  `link_ingresos` tinyint(4) DEFAULT 0,
  `link_gastos` tinyint(4) DEFAULT 0,
  PRIMARY KEY (`id_usuario`)
) ENGINE=InnoDB AUTO_INCREMENT=30 DEFAULT CHARSET=latin1 ROW_FORMAT=DYNAMIC;

-- Dumping data for table cotizador.usuarios: ~7 rows (approximately)
INSERT INTO `usuarios` (`id_usuario`, `usuario`, `correo`, `contrasenia`, `nombre`, `apellido_paterno`, `apellido_materno`, `telefono`, `nivel`, `fecha_registro`, `token`, `vigencia_token`, `id_dolibarr`, `link_dashboard`, `link_usuarios`, `link_proveedores`, `link_configuracion`, `link_cuentas`, `link_ingresos`, `link_gastos`) VALUES
	(23, 'superadmin', 'gustavo.vtamayo@gmail.com', 'e10adc3949ba59abbe56e057f20f883e', 'Gustavo Vladimir', 'Martinez', 'Tamayo', '4428019511', 'Propietario', '2022-04-04 14:04:36', '295b0b29d067f9f1687bc84d5217798416104851', '2022-06-28 11:25:00', 13, 1, 1, 1, 1, 1, 1, 1),
	(24, 'empleado', 'empleado@getnada.com', 'e10adc3949ba59abbe56e057f20f883e', 'Juan ', 'Morales', 'Jimenez', '1234567890', 'Empleado', '2022-04-04 14:18:24', NULL, NULL, 0, 0, 0, 0, 0, 0, 0, 0),
	(25, 'administrador', 'administrador@getnada.com', '18f0898552983586c5d560a83c13295b', 'administrador', '', '', '1234567890', 'Administrador', '2022-04-04 15:04:15', NULL, NULL, 0, 1, 1, 1, 0, 0, 0, 0),
	(26, 'Leonardo', 'leo@getnada.com', 'e10adc3949ba59abbe56e057f20f883e', 'Leonardo Maximiliano', 'Suarez', 'Hernandez', '1234567890', 'Propietario', '2022-06-28 11:54:34', NULL, NULL, 0, 0, 0, 0, 0, 0, 0, 0),
	(27, 'prueba', 'prueba@getnada.com', '666601b8a2bb0719a3e0c66079c42a3a', 'prueba prueba', 'prueba', 'prueba', '1234567890', 'Empleado', '2022-07-14 14:08:43', NULL, NULL, 0, 0, 0, 0, 0, 0, 0, 0),
	(28, 'bodega', 'bodega@getnada.com', 'e10adc3949ba59abbe56e057f20f883e', 'Manuel ', 'Cazasola', 'Burgos', '1234567890', 'Empleado', '2022-08-29 11:56:35', NULL, NULL, NULL, 1, 0, 1, 0, 0, 0, 0),
	(29, 'pruebas', 'pruebas@getnada.com', 'e10adc3949ba59abbe56e057f20f883e', 'pruebas hola', 'prueba1', 'prueba3', '1234567890', 'Empleado', '2022-08-30 10:53:17', NULL, NULL, NULL, 1, 0, 1, 0, 0, 0, 0);

/*!40103 SET TIME_ZONE=IFNULL(@OLD_TIME_ZONE, 'system') */;
/*!40101 SET SQL_MODE=IFNULL(@OLD_SQL_MODE, '') */;
/*!40014 SET FOREIGN_KEY_CHECKS=IFNULL(@OLD_FOREIGN_KEY_CHECKS, 1) */;
/*!40101 SET CHARACTER_SET_CLIENT=@OLD_CHARACTER_SET_CLIENT */;
/*!40111 SET SQL_NOTES=IFNULL(@OLD_SQL_NOTES, 1) */;
